Close,Date
-8.5,2/11/2022 17:30
-37.5,2/11/2022 18:00
-11.5,2/11/2022 18:30
1.5,2/11/2022 19:00
-5.5,2/11/2022 19:30
-1.25,2/11/2022 20:00
7,2/11/2022 20:30
3.75,2/11/2022 21:00
-14.25,2/11/2022 21:30
-8.25,2/14/2022 14:30
-15.25,2/14/2022 15:00
21.5,2/14/2022 15:30
4,2/14/2022 16:00
5.25,2/14/2022 16:30
-0.75,2/14/2022 17:00
-6.75,2/14/2022 17:30
-36.75,2/14/2022 18:00
10,2/14/2022 18:30
8.25,2/14/2022 19:00
6,2/14/2022 19:30
0.5,2/14/2022 20:00
5,2/14/2022 20:30
-3.5,2/14/2022 21:00
52.5,2/14/2022 21:30
4.5,2/15/2022 14:30
8,2/15/2022 15:00
-5.5,2/15/2022 15:30
4.25,2/15/2022 16:00
-9.25,2/15/2022 16:30
-5.25,2/15/2022 17:00
14.5,2/15/2022 17:30
2.5,2/15/2022 18:00
-1.5,2/15/2022 18:30
-0.5,2/15/2022 19:00
-0.25,2/15/2022 19:30
8.5,2/15/2022 20:00
-5,2/15/2022 20:30
-3.75,2/15/2022 21:00
-27.25,2/15/2022 21:30
6,2/16/2022 14:30
-2,2/16/2022 15:00
6.5,2/16/2022 15:30
-2,2/16/2022 16:00
-1,2/16/2022 16:30
-5,2/16/2022 17:00
2.75,2/16/2022 17:30
-8.25,2/16/2022 18:00
37,2/16/2022 18:30
4.5,2/16/2022 19:00
9.75,2/16/2022 19:30
-11,2/16/2022 20:00
-0.25,2/16/2022 20:30
-1.75,2/16/2022 21:00
-54.75,2/16/2022 21:30
-8,2/17/2022 14:30
8.5,2/17/2022 15:00
6,2/17/2022 15:30
-2,2/17/2022 16:00
1.5,2/17/2022 16:30
-2.25,2/17/2022 17:00
-8.75,2/17/2022 17:30
-1,2/17/2022 18:00
-10.25,2/17/2022 18:30
-9.25,2/17/2022 19:00
-8.5,2/17/2022 19:30
-3.75,2/17/2022 20:00
-2.5,2/17/2022 20:30
4.25,2/17/2022 21:00
11.25,2/17/2022 21:30
-12.5,2/18/2022 14:30
-18.5,2/18/2022 15:00
-3,2/18/2022 15:30
-19.25,2/18/2022 16:00
11.25,2/18/2022 16:30
-11.75,2/18/2022 17:00
-5.5,2/18/2022 17:30
15,2/18/2022 18:00
15.5,2/18/2022 18:30
9.25,2/18/2022 19:00
-22.25,2/18/2022 19:30
1,2/18/2022 20:00
6.5,2/18/2022 20:30
-8.75,2/18/2022 21:00
3.25,2/18/2022 21:30
11.25,2/22/2022 14:30
-37,2/22/2022 15:00
-4.5,2/22/2022 15:30
-2,2/22/2022 16:00
-8.5,2/22/2022 16:30
-10.5,2/22/2022 17:00
-4.5,2/22/2022 17:30
-15.75,2/22/2022 18:00
6,2/22/2022 18:30
31.75,2/22/2022 19:00
9.5,2/22/2022 19:30
-23.5,2/22/2022 20:00
14,2/22/2022 20:30
-2.5,2/22/2022 21:00
3,2/22/2022 21:30
-30.25,2/23/2022 14:30
1,2/23/2022 15:00
-12,2/23/2022 15:30
18.5,2/23/2022 16:00
11.25,2/23/2022 16:30
-22,2/23/2022 17:00
-21,2/23/2022 17:30
4.5,2/23/2022 18:00
-19.5,2/23/2022 18:30
-4.25,2/23/2022 19:00
-0.75,2/23/2022 19:30
-16.75,2/23/2022 20:00
0,2/23/2022 20:30
-5.5,2/23/2022 21:00
-58.5,2/23/2022 21:30
-1.75,2/24/2022 14:30
14.75,2/24/2022 15:00
6.25,2/24/2022 15:30
10.25,2/24/2022 16:00
-24.5,2/24/2022 16:30
0.75,2/24/2022 17:00
2.25,2/24/2022 17:30
24.5,2/24/2022 18:00
18,2/24/2022 18:30
25.5,2/24/2022 19:00
4.5,2/24/2022 19:30
45.25,2/24/2022 20:00
-18.5,2/24/2022 20:30
3.75,2/24/2022 21:00
16.75,2/24/2022 21:30
33.5,2/25/2022 14:30
14.75,2/25/2022 15:00
20.5,2/25/2022 15:30
13.75,2/25/2022 16:00
-0.5,2/25/2022 16:30
-7,2/25/2022 17:00
7,2/25/2022 17:30
0,2/25/2022 18:00
4.5,2/25/2022 18:30
-10.5,2/25/2022 19:00
6,2/25/2022 19:30
10.25,2/25/2022 20:00
2.75,2/25/2022 20:30
-2,2/25/2022 21:00
-35.75,2/25/2022 21:30
-7,2/28/2022 14:30
23.75,2/28/2022 15:00
17.75,2/28/2022 15:30
-2.5,2/28/2022 16:00
-27.5,2/28/2022 16:30
-10.75,2/28/2022 17:00
1.75,2/28/2022 17:30
5.25,2/28/2022 18:00
-30.75,2/28/2022 18:30
17,2/28/2022 19:00
7.5,2/28/2022 19:30
29.25,2/28/2022 20:00
1.25,2/28/2022 20:30
0.5,2/28/2022 21:00
-17.5,2/28/2022 21:30
-2.5,3/1/2022 14:30
-21.25,3/1/2022 15:00
3.25,3/1/2022 15:30
-32.5,3/1/2022 16:00
6,3/1/2022 16:30
10.75,3/1/2022 17:00
-31.75,3/1/2022 17:30
7.5,3/1/2022 18:00
14,3/1/2022 18:30
-7.5,3/1/2022 19:00
-1.75,3/1/2022 19:30
5,3/1/2022 20:00
10.5,3/1/2022 20:30
-3.25,3/1/2022 21:00
29.75,3/1/2022 21:30
7.5,3/2/2022 14:30
0.25,3/2/2022 15:00
23.5,3/2/2022 15:30
4.5,3/2/2022 16:00
3,3/2/2022 16:30
3,3/2/2022 17:00
8,3/2/2022 17:30
2,3/2/2022 18:00
-3.5,3/2/2022 18:30
-4,3/2/2022 19:00
7.5,3/2/2022 19:30
-8.75,3/2/2022 20:00
-5.75,3/2/2022 20:30
-2.75,3/2/2022 21:00
28.5,3/2/2022 21:30
-22,3/3/2022 14:30
-28.25,3/3/2022 15:00
9,3/3/2022 15:30
5,3/3/2022 16:00
-7,3/3/2022 16:30
21.75,3/3/2022 17:00
11.25,3/3/2022 17:30
-9.5,3/3/2022 18:00
6.25,3/3/2022 18:30
-23,3/3/2022 19:00
2.5,3/3/2022 19:30
-7.75,3/3/2022 20:00
2.5,3/3/2022 20:30
2.5,3/3/2022 21:00
-44.75,3/3/2022 21:30
-19.5,3/4/2022 14:30
-14,3/4/2022 15:00
6.25,3/4/2022 15:30
0.5,3/4/2022 16:00
24.75,3/4/2022 16:30
3,3/4/2022 17:00
-0.75,3/4/2022 17:30
-13.25,3/4/2022 18:00
6.5,3/4/2022 18:30
-18.5,3/4/2022 19:00
14,3/4/2022 19:30
15.5,3/4/2022 20:00
-4.75,3/4/2022 20:30
-0.5,3/4/2022 21:00
-38.25,3/4/2022 21:30
-18,3/7/2022 14:30
-4.75,3/7/2022 15:00
7.5,3/7/2022 15:30
-22,3/7/2022 16:00
-11.75,3/7/2022 16:30
0.5,3/7/2022 17:00
-1.25,3/7/2022 17:30
-2.5,3/7/2022 18:00
1.75,3/7/2022 18:30
-11,3/7/2022 19:00
-1.5,3/7/2022 19:30
-21,3/7/2022 20:00
-11.25,3/7/2022 20:30
0.75,3/7/2022 21:00
2.5,3/7/2022 21:30
-24,3/8/2022 14:30
29.75,3/8/2022 15:00
-25.75,3/8/2022 15:30
12.25,3/8/2022 16:00
58.75,3/8/2022 16:30
13.5,3/8/2022 17:00
-14,3/8/2022 17:30
-42.25,3/8/2022 18:00
13.25,3/8/2022 18:30
6,3/8/2022 19:00
-24.5,3/8/2022 19:30
-27.5,3/8/2022 20:00
-12.25,3/8/2022 20:30
-0.75,3/8/2022 21:00
90.5,3/8/2022 21:30
17.25,3/9/2022 14:30
8.5,3/9/2022 15:00
-12,3/9/2022 15:30
19.5,3/9/2022 16:00
3,3/9/2022 16:30
7,3/9/2022 17:00
-0.25,3/9/2022 17:30
-16,3/9/2022 18:00
5.25,3/9/2022 18:30
0.25,3/9/2022 19:00
15,3/9/2022 19:30
-13.5,3/9/2022 20:00
-0.5,3/9/2022 20:30
4.25,3/9/2022 21:00
-33.5,3/9/2022 21:30
-13.25,3/10/2022 14:30
-14.25,3/10/2022 15:00
-10.25,3/10/2022 15:30
11.25,3/10/2022 16:00
9.75,3/10/2022 16:30
-14,3/10/2022 17:00
9,3/10/2022 17:30
11.25,3/10/2022 18:00
13.25,3/10/2022 18:30
8.5,3/10/2022 19:00
-7.5,3/10/2022 19:30
6,3/10/2022 20:00
2.5,3/10/2022 20:30
-3.25,3/10/2022 21:00
16.75,3/10/2022 21:30
-14.5,3/11/2022 14:30
13,3/11/2022 15:00
-17.25,3/11/2022 15:30
-8.5,3/11/2022 16:00
-9,3/11/2022 16:30
5.25,3/11/2022 17:00
10,3/11/2022 17:30
-13,3/11/2022 18:00
9.75,3/11/2022 18:30
-15.75,3/11/2022 19:00
-11.5,3/11/2022 19:30
-18.25,3/11/2022 20:00
4.25,3/11/2022 20:30
-2.5,3/11/2022 21:00
11,3/11/2022 21:30
14.5,3/14/2022 13:30
15.25,3/14/2022 14:00
-20.5,3/14/2022 14:30
-18,3/14/2022 15:00
-6.5,3/14/2022 15:30
-19.25,3/14/2022 16:00
-4.75,3/14/2022 16:30
-7.25,3/14/2022 17:00
-8,3/14/2022 17:30
12.25,3/14/2022 18:00
0.75,3/14/2022 18:30
-1.25,3/14/2022 19:00
5,3/14/2022 19:30
1.25,3/14/2022 20:00
27,3/14/2022 20:30
14,3/15/2022 13:30
0.5,3/15/2022 14:00
14,3/15/2022 14:30
-6.25,3/15/2022 15:00
15.5,3/15/2022 15:30
-4.75,3/15/2022 16:00
-15.5,3/15/2022 16:30
11.25,3/15/2022 17:00
-11.75,3/15/2022 17:30
25.75,3/15/2022 18:00
11.25,3/15/2022 18:30
4,3/15/2022 19:00
-6.25,3/15/2022 19:30
0,3/15/2022 20:00
64.25,3/15/2022 20:30
15.25,3/16/2022 13:30
-1.5,3/16/2022 14:00
-4.75,3/16/2022 14:30
2,3/16/2022 15:00
-0.25,3/16/2022 15:30
-13,3/16/2022 16:00
-10.5,3/16/2022 16:30
6.5,3/16/2022 17:00
-49.5,3/16/2022 17:30
35.5,3/16/2022 18:00
30.5,3/16/2022 18:30
26.5,3/16/2022 19:00
10.25,3/16/2022 19:30
1,3/16/2022 20:00
-6.5,3/16/2022 20:30
2.25,3/17/2022 13:30
-16,3/17/2022 14:00
7.75,3/17/2022 14:30
6,3/17/2022 15:00
14.25,3/17/2022 15:30
2,3/17/2022 16:00
9.5,3/17/2022 16:30
7.5,3/17/2022 17:00
-11.25,3/17/2022 17:30
10.75,3/17/2022 18:00
-2.75,3/17/2022 18:30
19.25,3/17/2022 19:00
-14.5,3/17/2022 19:30
-6.25,3/17/2022 20:00
14.25,3/17/2022 20:30
7,3/18/2022 13:30
-2.5,3/18/2022 14:00
2,3/18/2022 14:30
2.75,3/18/2022 15:00
10.5,3/18/2022 15:30
4.5,3/18/2022 16:00
8.25,3/18/2022 16:30
-2.25,3/18/2022 17:00
1.5,3/18/2022 17:30
3.75,3/18/2022 18:00
14.75,3/18/2022 18:30
4,3/18/2022 19:00
9.75,3/18/2022 19:30
2.5,3/18/2022 20:00
-17.5,3/18/2022 20:30
-9.25,3/21/2022 13:30
19,3/21/2022 14:00
5.75,3/21/2022 14:30
0,3/21/2022 15:00
0.25,3/21/2022 15:30
-31.25,3/21/2022 16:00
-10.75,3/21/2022 16:30
12.25,3/21/2022 17:00
10,3/21/2022 17:30
-16.5,3/21/2022 18:00
16.5,3/21/2022 18:30
9.25,3/21/2022 19:00
4.5,3/21/2022 19:30
1.25,3/21/2022 20:00
22.25,3/21/2022 20:30
13.5,3/22/2022 13:30
2.5,3/22/2022 14:00
6,3/22/2022 14:30
-7,3/22/2022 15:00
-5.75,3/22/2022 15:30
8.75,3/22/2022 16:00
0.25,3/22/2022 16:30
5,3/22/2022 17:00
-9.25,3/22/2022 17:30
4,3/22/2022 18:00
0.5,3/22/2022 18:30
6,3/22/2022 19:00
0,3/22/2022 19:30
0.5,3/22/2022 20:00
-36.25,3/22/2022 20:30
14.25,3/23/2022 13:30
-2.5,3/23/2022 14:00
8,3/23/2022 14:30
-2.75,3/23/2022 15:00
-4.25,3/23/2022 15:30
-5.25,3/23/2022 16:00
-17.5,3/23/2022 16:30
7,3/23/2022 17:00
1.5,3/23/2022 17:30
-6,3/23/2022 18:00
3.75,3/23/2022 18:30
-19,3/23/2022 19:00
0.75,3/23/2022 19:30
1.5,3/23/2022 20:00
15,3/23/2022 20:30
-1,3/24/2022 13:30
9.5,3/24/2022 14:00
18.5,3/24/2022 14:30
2.25,3/24/2022 15:00
-12.25,3/24/2022 15:30
5.25,3/24/2022 16:00
4.25,3/24/2022 16:30
0.75,3/24/2022 17:00
-1.25,3/24/2022 17:30
0.25,3/24/2022 18:00
14.75,3/24/2022 18:30
8,3/24/2022 19:00
3.25,3/24/2022 19:30
0,3/24/2022 20:00
1.75,3/24/2022 20:30
9.75,3/25/2022 13:30
4.5,3/25/2022 14:00
-32.75,3/25/2022 14:30
2.25,3/25/2022 15:00
10.25,3/25/2022 15:30
-2.25,3/25/2022 16:00
-1,3/25/2022 16:30
14,3/25/2022 17:00
3.75,3/25/2022 17:30
1.5,3/25/2022 18:00
-18,3/25/2022 18:30
26,3/25/2022 19:00
-0.5,3/25/2022 19:30
0.5,3/25/2022 20:00
9,3/25/2022 20:30
-6.5,3/28/2022 13:30
4,3/28/2022 14:00
-8.75,3/28/2022 14:30
-19.75,3/28/2022 15:00
1.25,3/28/2022 15:30
10.5,3/28/2022 16:00
7,3/28/2022 16:30
0.75,3/28/2022 17:00
5,3/28/2022 17:30
15,3/28/2022 18:00
1,3/28/2022 18:30
14.5,3/28/2022 19:00
1,3/28/2022 19:30
0,3/28/2022 20:00
33.25,3/28/2022 20:30
-6,3/29/2022 13:30
4.75,3/29/2022 14:00
1.25,3/29/2022 14:30
1.25,3/29/2022 15:00
-10.75,3/29/2022 15:30
-0.5,3/29/2022 16:00
-1.5,3/29/2022 16:30
13.75,3/29/2022 17:00
3,3/29/2022 17:30
7.5,3/29/2022 18:00
9.5,3/29/2022 18:30
1.5,3/29/2022 19:00
-5.75,3/29/2022 19:30
0,3/29/2022 20:00
-1.75,3/29/2022 20:30
-7.75,3/30/2022 13:30
-3,3/30/2022 14:00
-6.75,3/30/2022 14:30
5,3/30/2022 15:00
-1.75,3/30/2022 15:30
4.25,3/30/2022 16:00
-9.25,3/30/2022 16:30
-3.75,3/30/2022 17:00
-0.5,3/30/2022 17:30
-7,3/30/2022 18:00
-7,3/30/2022 18:30
15.75,3/30/2022 19:00
3.5,3/30/2022 19:30
0.25,3/30/2022 20:00
-12.5,3/30/2022 20:30
-7.5,3/31/2022 13:30
12.75,3/31/2022 14:00
-7.75,3/31/2022 14:30
2.5,3/31/2022 15:00
-9.75,3/31/2022 15:30
-2.75,3/31/2022 16:00
2.5,3/31/2022 16:30
0,3/31/2022 17:00
-6,3/31/2022 17:30
2.5,3/31/2022 18:00
-10.25,3/31/2022 18:30
-37.75,3/31/2022 19:00
10.75,3/31/2022 19:30
2.75,3/31/2022 20:00
-8,3/31/2022 20:30
-12.25,4/1/2022 13:30
9,4/1/2022 14:00
-3,4/1/2022 14:30
-13.5,4/1/2022 15:00
1.25,4/1/2022 15:30
-5,4/1/2022 16:00
-3,4/1/2022 16:30
9.25,4/1/2022 17:00
16.25,4/1/2022 17:30
-3.5,4/1/2022 18:00
-7.5,4/1/2022 18:30
17.25,4/1/2022 19:00
-1.5,4/1/2022 19:30
1.75,4/1/2022 20:00
16.75,4/1/2022 20:30
3,4/4/2022 13:30
-3.25,4/4/2022 14:00
7.25,4/4/2022 14:30
3,4/4/2022 15:00
0.75,4/4/2022 15:30
-6.75,4/4/2022 16:00
3.5,4/4/2022 16:30
4.5,4/4/2022 17:00
1.5,4/4/2022 17:30
1.75,4/4/2022 18:00
0.75,4/4/2022 18:30
6.5,4/4/2022 19:00
0.25,4/4/2022 19:30
-2,4/4/2022 20:00
3.25,4/4/2022 20:30
-25.25,4/5/2022 13:30
6.75,4/5/2022 14:00
-5.75,4/5/2022 14:30
-10.25,4/5/2022 15:00
-7.5,4/5/2022 15:30
8,4/5/2022 16:00
6.25,4/5/2022 16:30
-11.75,4/5/2022 17:00
-0.75,4/5/2022 17:30
-4.25,4/5/2022 18:00
-11.25,4/5/2022 18:30
-2,4/5/2022 19:00
1,4/5/2022 19:30
3.75,4/5/2022 20:00
-61,4/5/2022 20:30
-6,4/6/2022 13:30
0,4/6/2022 14:00
4.75,4/6/2022 14:30
4.75,4/6/2022 15:00
-10,4/6/2022 15:30
3.5,4/6/2022 16:00
5.75,4/6/2022 16:30
2.25,4/6/2022 17:00
-14.75,4/6/2022 17:30
34.25,4/6/2022 18:00
-23.25,4/6/2022 18:30
9.25,4/6/2022 19:00
-1.5,4/6/2022 19:30
-3.25,4/6/2022 20:00
8,4/6/2022 20:30
-13,4/7/2022 13:30
-4.25,4/7/2022 14:00
-7.75,4/7/2022 14:30
-1.75,4/7/2022 15:00
0.25,4/7/2022 15:30
-0.75,4/7/2022 16:00
23,4/7/2022 16:30
9.25,4/7/2022 17:00
-2.5,4/7/2022 17:30
20.25,4/7/2022 18:00
0.75,4/7/2022 18:30
-4.75,4/7/2022 19:00
-4.75,4/7/2022 19:30
2,4/7/2022 20:00
-24.5,4/7/2022 20:30
13.25,4/8/2022 13:30
23.75,4/8/2022 14:00
-4.5,4/8/2022 14:30
2.25,4/8/2022 15:00
8.5,4/8/2022 15:30
-2.25,4/8/2022 16:00
-9.5,4/8/2022 16:30
-4,4/8/2022 17:00
-8.25,4/8/2022 17:30
6,4/8/2022 18:00
3,4/8/2022 18:30
-11.75,4/8/2022 19:00
-2,4/8/2022 19:30
-1.5,4/8/2022 20:00
-33.5,4/8/2022 20:30
-13,4/11/2022 13:30
-4.5,4/11/2022 14:00
-3.5,4/11/2022 14:30
1.5,4/11/2022 15:00
-4.25,4/11/2022 15:30
1.25,4/11/2022 16:00
-1,4/11/2022 16:30
4.75,4/11/2022 17:00
-6.75,4/11/2022 17:30
9.25,4/11/2022 18:00
-15,4/11/2022 18:30
-9.5,4/11/2022 19:00
-3,4/11/2022 19:30
3.75,4/11/2022 20:00
50,4/11/2022 20:30
-14.75,4/12/2022 13:30
-10,4/12/2022 14:00
14.75,4/12/2022 14:30
-4,4/12/2022 15:00
-19.25,4/12/2022 15:30
2.75,4/12/2022 16:00
-4,4/12/2022 16:30
-20.25,4/12/2022 17:00
-11,4/12/2022 17:30
3,4/12/2022 18:00
-17.5,4/12/2022 18:30
11.75,4/12/2022 19:00
4.75,4/12/2022 19:30
-1.75,4/12/2022 20:00
4.75,4/12/2022 20:30
2.25,4/13/2022 13:30
5.5,4/13/2022 14:00
17,4/13/2022 14:30
-5,4/13/2022 15:00
5.25,4/13/2022 15:30
5,4/13/2022 16:00
3,4/13/2022 16:30
-3.25,4/13/2022 17:00
1.5,4/13/2022 17:30
6.25,4/13/2022 18:00
7,4/13/2022 18:30
-1.25,4/13/2022 19:00
-3.5,4/13/2022 19:30
-0.75,4/13/2022 20:00
-9,4/13/2022 20:30
-8,4/14/2022 13:30
1,4/14/2022 14:00
6.5,4/14/2022 14:30
-12.75,4/14/2022 15:00
-6.75,4/14/2022 15:30
-0.25,4/14/2022 16:00
-1,4/14/2022 16:30
13.5,4/14/2022 17:00
-4,4/14/2022 17:30
-15.75,4/14/2022 18:00
-0.75,4/14/2022 18:30
-13.75,4/14/2022 19:00
-1.25,4/14/2022 19:30
3,4/14/2022 20:00
-2.75,4/14/2022 20:30
10,4/18/2022 13:30
-2.25,4/18/2022 14:00
-12.25,4/18/2022 14:30
-1.75,4/18/2022 15:00
-12.25,4/18/2022 15:30
6,4/18/2022 16:00
7.5,4/18/2022 16:30
19,4/18/2022 17:00
-2.5,4/18/2022 17:30
-5.25,4/18/2022 18:00
-13.25,4/18/2022 18:30
9.75,4/18/2022 19:00
12.25,4/18/2022 19:30
-1.75,4/18/2022 20:00
23.25,4/18/2022 20:30
13,4/19/2022 13:30
4.5,4/19/2022 14:00
5.75,4/19/2022 14:30
0.25,4/19/2022 15:00
-1.75,4/19/2022 15:30
-2,4/19/2022 16:00
-6.75,4/19/2022 16:30
8.75,4/19/2022 17:00
-5.75,4/19/2022 17:30
8,4/19/2022 18:00
13.5,4/19/2022 18:30
-1.25,4/19/2022 19:00
-18.25,4/19/2022 19:30
0.25,4/19/2022 20:00
18.25,4/19/2022 20:30
7.75,4/20/2022 13:30
11.5,4/20/2022 14:00
-14,4/20/2022 14:30
4.75,4/20/2022 15:00
-10,4/20/2022 15:30
12.5,4/20/2022 16:00
-1.25,4/20/2022 16:30
4.5,4/20/2022 17:00
-12.25,4/20/2022 17:30
-13.75,4/20/2022 18:00
14.75,4/20/2022 18:30
-8,4/20/2022 19:00
8.25,4/20/2022 19:30
5.25,4/20/2022 20:00
33.5,4/20/2022 20:30
-6.5,4/21/2022 13:30
-14,4/21/2022 14:00
-6.5,4/21/2022 14:30
-20,4/21/2022 15:00
-10.75,4/21/2022 15:30
-9.75,4/21/2022 16:00
6,4/21/2022 16:30
-15.25,4/21/2022 17:00
-10.5,4/21/2022 17:30
-14.75,4/21/2022 18:00
2.5,4/21/2022 18:30
-14.75,4/21/2022 19:00
-3.75,4/21/2022 19:30
1,4/21/2022 20:00
-34.5,4/21/2022 20:30
-14,4/22/2022 13:30
-6,4/22/2022 14:00
3.5,4/22/2022 14:30
-23.25,4/22/2022 15:00
5.25,4/22/2022 15:30
-4.75,4/22/2022 16:00
-3.5,4/22/2022 16:30
-13.5,4/22/2022 17:00
1.5,4/22/2022 17:30
-14.5,4/22/2022 18:00
11.25,4/22/2022 18:30
-23.75,4/22/2022 19:00
-19.25,4/22/2022 19:30
1,4/22/2022 20:00
-40.75,4/22/2022 20:30
23.5,4/25/2022 13:30
-19.5,4/25/2022 14:00
0.5,4/25/2022 14:30
-10.25,4/25/2022 15:00
19.5,4/25/2022 15:30
3.5,4/25/2022 16:00
9.75,4/25/2022 16:30
-5.5,4/25/2022 17:00
30.75,4/25/2022 17:30
-0.25,4/25/2022 18:00
17,4/25/2022 18:30
13.5,4/25/2022 19:00
0.5,4/25/2022 19:30
0.75,4/25/2022 20:00
-48.5,4/25/2022 20:30
-14,4/26/2022 13:30
-14.25,4/26/2022 14:00
-2.25,4/26/2022 14:30
-14,4/26/2022 15:00
25.5,4/26/2022 15:30
2.75,4/26/2022 16:00
-30.75,4/26/2022 16:30
2.25,4/26/2022 17:00
11.5,4/26/2022 17:30
1.75,4/26/2022 18:00
-27.5,4/26/2022 18:30
-18.5,4/26/2022 19:00
-18.5,4/26/2022 19:30
-9,4/26/2022 20:00
73.5,4/26/2022 20:30
-48,4/27/2022 13:30
20.75,4/27/2022 14:00
18,4/27/2022 14:30
-1.25,4/27/2022 15:00
24.5,4/27/2022 15:30
-0.5,4/27/2022 16:00
-5.5,4/27/2022 16:30
4,4/27/2022 17:00
-15.5,4/27/2022 17:30
-16.75,4/27/2022 18:00
-4.5,4/27/2022 18:30
-9.75,4/27/2022 19:00
17.75,4/27/2022 19:30
14,4/27/2022 20:00
-0.25,4/27/2022 20:30
-19.75,4/28/2022 13:30
8,4/28/2022 14:00
14.75,4/28/2022 14:30
-2.25,4/28/2022 15:00
27.25,4/28/2022 15:30
23.75,4/28/2022 16:00
12.75,4/28/2022 16:30
3,4/28/2022 17:00
3.5,4/28/2022 17:30
11.25,4/28/2022 18:00
1.25,4/28/2022 18:30
-9.5,4/28/2022 19:00
-22.25,4/28/2022 19:30
-2.75,4/28/2022 20:00
3.5,4/28/2022 20:30
-45.5,4/29/2022 13:30
-4,4/29/2022 14:00
1.75,4/29/2022 14:30
-4.5,4/29/2022 15:00
-16.75,4/29/2022 15:30
-11.5,4/29/2022 16:00
9.75,4/29/2022 16:30
-9.75,4/29/2022 17:00
-9.5,4/29/2022 17:30
-10.5,4/29/2022 18:00
-16,4/29/2022 18:30
-19.5,4/29/2022 19:00
7.75,4/29/2022 19:30
1.5,4/29/2022 20:00
-8.25,4/29/2022 20:30
21.75,5/2/2022 13:30
-20,5/2/2022 14:00
-18.75,5/2/2022 14:30
11.5,5/2/2022 15:00
-2.25,5/2/2022 15:30
-25.25,5/2/2022 16:00
-3,5/2/2022 16:30
-10.5,5/2/2022 17:00
-13.5,5/2/2022 17:30
1.25,5/2/2022 18:00
55,5/2/2022 18:30
26.5,5/2/2022 19:00
-6,5/2/2022 19:30
0.75,5/2/2022 20:00
14,5/2/2022 20:30
3,5/3/2022 13:30
-4.75,5/3/2022 14:00
27.25,5/3/2022 14:30
-0.5,5/3/2022 15:00
-12.75,5/3/2022 15:30
3.5,5/3/2022 16:00
7,5/3/2022 16:30
-1.25,5/3/2022 17:00
-26,5/3/2022 17:30
23.5,5/3/2022 18:00
-6.5,5/3/2022 18:30
-2.75,5/3/2022 19:00
1.5,5/3/2022 19:30
2.75,5/3/2022 20:00
-7.75,5/3/2022 20:30
-7.25,5/4/2022 13:30
-3,5/4/2022 14:00
-7.25,5/4/2022 14:30
9,5/4/2022 15:00
17.75,5/4/2022 15:30
10.5,5/4/2022 16:00
-7,5/4/2022 16:30
7.25,5/4/2022 17:00
8,5/4/2022 17:30
48.75,5/4/2022 18:00
33.25,5/4/2022 18:30
19.75,5/4/2022 19:00
-9,5/4/2022 19:30
-1,5/4/2022 20:00
-65.25,5/4/2022 20:30
-35,5/5/2022 13:30
-13.25,5/5/2022 14:00
-20.5,5/5/2022 14:30
-23.75,5/5/2022 15:00
17,5/5/2022 15:30
5,5/5/2022 16:00
3.5,5/5/2022 16:30
-14.25,5/5/2022 17:00
-15,5/5/2022 17:30
8.25,5/5/2022 18:00
-27.75,5/5/2022 18:30
39.25,5/5/2022 19:00
3.25,5/5/2022 19:30
3.25,5/5/2022 20:00
-82.25,5/5/2022 20:30
30.5,5/6/2022 13:30
33,5/6/2022 14:00
10,5/6/2022 14:30
-38.75,5/6/2022 15:00
19.75,5/6/2022 15:30
19.5,5/6/2022 16:00
-17.25,5/6/2022 16:30
-19.5,5/6/2022 17:00
-14,5/6/2022 17:30
1.75,5/6/2022 18:00
-3,5/6/2022 18:30
28.25,5/6/2022 19:00
-11,5/6/2022 19:30
2.75,5/6/2022 20:00
-54,5/6/2022 20:30
-27.5,5/9/2022 13:30
-15,5/9/2022 14:00
-8.5,5/9/2022 14:30
17.75,5/9/2022 15:00
13,5/9/2022 15:30
-24.5,5/9/2022 16:00
8.25,5/9/2022 16:30
-10.25,5/9/2022 17:00
-4.5,5/9/2022 17:30
12.25,5/9/2022 18:00
-16,5/9/2022 18:30
-14.25,5/9/2022 19:00
4.25,5/9/2022 19:30
-2.25,5/9/2022 20:00
56.5,5/9/2022 20:30
-16.5,5/10/2022 13:30
-35.25,5/10/2022 14:00
-15.75,5/10/2022 14:30
0.5,5/10/2022 15:00
-10.25,5/10/2022 15:30
-4.75,5/10/2022 16:00
25.5,5/10/2022 16:30
45.75,5/10/2022 17:00
-23.75,5/10/2022 17:30
6.25,5/10/2022 18:00
-15.5,5/10/2022 18:30
-6.75,5/10/2022 19:00
0.75,5/10/2022 19:30
-4.75,5/10/2022 20:00
35.75,5/10/2022 20:30
4,5/11/2022 13:30
-12,5/11/2022 14:00
4.25,5/11/2022 14:30
-5.75,5/11/2022 15:00
-25.25,5/11/2022 15:30
-18.75,5/11/2022 16:00
-13.75,5/11/2022 16:30
-20.75,5/11/2022 17:00
24.75,5/11/2022 17:30
-6.75,5/11/2022 18:00
-6,5/11/2022 18:30
-19.25,5/11/2022 19:00
9.5,5/11/2022 19:30
1.5,5/11/2022 20:00
-53.25,5/11/2022 20:30
33.5,5/12/2022 13:30
20.5,5/12/2022 14:00
-10.25,5/12/2022 14:30
-43,5/12/2022 15:00
17.75,5/12/2022 15:30
-0.25,5/12/2022 16:00
-11.25,5/12/2022 16:30
-22.75,5/12/2022 17:00
-1,5/12/2022 17:30
-12.25,5/12/2022 18:00
24.25,5/12/2022 18:30
42.75,5/12/2022 19:00
-3,5/12/2022 19:30
-14.75,5/12/2022 20:00
80,5/12/2022 20:30
23.75,5/13/2022 13:30
-0.75,5/13/2022 14:00
6.75,5/13/2022 14:30
0,5/13/2022 15:00
6.75,5/13/2022 15:30
-4.5,5/13/2022 16:00
-9.25,5/13/2022 16:30
-15.5,5/13/2022 17:00
-12.25,5/13/2022 17:30
24.5,5/13/2022 18:00
18,5/13/2022 18:30
-7,5/13/2022 19:00
-1,5/13/2022 19:30
-5.5,5/13/2022 20:00
-23,5/13/2022 20:30
29,5/16/2022 13:30
-31,5/16/2022 14:00
6,5/16/2022 14:30
23.25,5/16/2022 15:00
-10.75,5/16/2022 15:30
-5.5,5/16/2022 16:00
24,5/16/2022 16:30
-1.75,5/16/2022 17:00
15.25,5/16/2022 17:30
-5.25,5/16/2022 18:00
-20.25,5/16/2022 18:30
-7.5,5/16/2022 19:00
-5.5,5/16/2022 19:30
-0.75,5/16/2022 20:00
55.75,5/16/2022 20:30
-9.75,5/17/2022 13:30
-4.5,5/17/2022 14:00
14,5/17/2022 14:30
2.75,5/17/2022 15:00
4.25,5/17/2022 15:30
3.75,5/17/2022 16:00
2,5/17/2022 16:30
-1.5,5/17/2022 17:00
-16,5/17/2022 17:30
23.5,5/17/2022 18:00
10.25,5/17/2022 18:30
1.5,5/17/2022 19:00
4.25,5/17/2022 19:30
0,5/17/2022 20:00
-75.5,5/17/2022 20:30
-7.25,5/18/2022 13:30
2.75,5/18/2022 14:00
-37,5/18/2022 14:30
-5.5,5/18/2022 15:00
-8.5,5/18/2022 15:30
14.25,5/18/2022 16:00
-27,5/18/2022 16:30
-13.5,5/18/2022 17:00
7,5/18/2022 17:30
-20,5/18/2022 18:00
-8.75,5/18/2022 18:30
12.25,5/18/2022 19:00
-15.75,5/18/2022 19:30
6,5/18/2022 20:00
