Open,Close,High,Low,Volumn,Date
4480,4465,4480,4463.5,26,2/11/2022 17:30
4467,4456.5,4473.5,4456.5,59,2/11/2022 18:00
4455.5,4419,4455.5,4409,435,2/11/2022 18:30
4415,4407.5,4437,4404,126,2/11/2022 19:00
4411,4409,4425.5,4393,419,2/11/2022 19:30
4407.25,4403.5,4425,4399.5,89,2/11/2022 20:00
4403.5,4402.25,4421.5,4388,126,2/11/2022 20:30
4402.75,4409.25,4409.25,4398.25,86,2/11/2022 21:00
4415.75,4413,4418,4412.25,19,2/11/2022 21:30
4404,4398.75,4411,4389.25,99,2/14/2022 14:30
4390,4390.5,4400.25,4375,115,2/14/2022 15:00
4390.5,4375.25,4390.5,4373.25,103,2/14/2022 15:30
4382,4396.75,4400.5,4375,160,2/14/2022 16:00
4398,4400.75,4401,4387.75,166,2/14/2022 16:30
4397,4406,4406,4397,16,2/14/2022 17:00
4410.25,4405.25,4413.25,4404,120,2/14/2022 17:30
4411.25,4398.5,4412,4398.5,200,2/14/2022 18:00
4390.5,4361.75,4394,4360,259,2/14/2022 18:30
4359.5,4371.75,4383,4352,99,2/14/2022 19:00
4365.75,4380,4386,4365,22,2/14/2022 19:30
4379,4386,4392,4369,42,2/14/2022 20:00
4386.25,4386.5,4400.25,4382.75,204,2/14/2022 20:30
4389,4391.5,4393,4389,12,2/14/2022 21:00
4392.25,4388,4393,4388,3,2/14/2022 21:30
4440,4440.5,4455,4439.25,81,2/15/2022 14:30
4440.25,4445,4445,4435,145,2/15/2022 15:00
4448.75,4453,4457,4445,43,2/15/2022 15:30
4453.75,4447.5,4456.75,4447,22,2/15/2022 16:00
4449,4451.75,4457.5,4449,23,2/15/2022 16:30
4456,4442.5,4457.25,4437.5,34,2/15/2022 17:00
4442.5,4437.25,4443.25,4431.5,25,2/15/2022 17:30
4437,4451.75,4451.75,4437,23,2/15/2022 18:00
4454.25,4454.25,4454.25,4451.5,12,2/15/2022 18:30
4453.25,4452.75,4453.5,4445,22,2/15/2022 19:00
4450,4452.25,4455.5,4449.5,30,2/15/2022 19:30
4456,4452,4458,4452,25,2/15/2022 20:00
4450,4460.5,4461,4436.75,133,2/15/2022 20:30
4454,4455.5,4455.5,4448,17,2/15/2022 21:00
4454,4451.75,4454.25,4447.75,21,2/15/2022 21:30
4440.5,4424.5,4445,4423.25,82,2/16/2022 14:30
4424,4430.5,4431.75,4421,63,2/16/2022 15:00
4430.25,4428.5,4433.5,4427.25,32,2/16/2022 15:30
4430.5,4435,4435,4428,18,2/16/2022 16:00
4433.5,4433,4434.25,4430,10,2/16/2022 16:30
4436.25,4432,4436.25,4432,5,2/16/2022 17:00
4427,4427,4428.5,4418,37,2/16/2022 17:30
4426,4429.75,4431.25,4423.75,20,2/16/2022 18:00
4427.5,4421.5,4429.75,4421.5,21,2/16/2022 18:30
4431.5,4458.5,4460,4418,261,2/16/2022 19:00
4460,4463,4469.25,4451.5,79,2/16/2022 19:30
4464.25,4472.75,4474,4464,52,2/16/2022 20:00
4471.5,4461.75,4476.5,4461.75,66,2/16/2022 20:30
4462.25,4461.5,4465.75,4459,49,2/16/2022 21:00
4462,4459.75,4462,4459.75,3,2/16/2022 21:30
4432,4405,4434.5,4403,190,2/17/2022 14:30
4402.5,4397,4414.5,4396.5,159,2/17/2022 15:00
4396.5,4405.5,4405.5,4395.25,60,2/17/2022 15:30
4404,4411.5,4415,4404,42,2/17/2022 16:00
4407.25,4409.5,4417.75,4407.25,12,2/17/2022 16:30
4409,4411,4412,4404.25,33,2/17/2022 17:00
4415.5,4408.75,4415.5,4406.75,19,2/17/2022 17:30
4408.25,4400,4409.25,4400,25,2/17/2022 18:00
4401,4399,4404.25,4397,12,2/17/2022 18:30
4398.25,4388.75,4398.25,4387,76,2/17/2022 19:00
4388.75,4379.5,4389.25,4378.5,100,2/17/2022 19:30
4382.25,4371,4382.25,4367.75,90,2/17/2022 20:00
4377.5,4367.25,4381.5,4362.75,117,2/17/2022 20:30
4368,4364.75,4371.25,4362.75,35,2/17/2022 21:00
4369,4369,4369.75,4368.75,15,2/17/2022 21:30
4369.25,4380.25,4383,4357,144,2/18/2022 14:30
4377,4367.75,4382,4365,138,2/18/2022 15:00
4362,4349.25,4362,4348.25,117,2/18/2022 15:30
4350.5,4346.25,4352.75,4332.5,190,2/18/2022 16:00
4345.75,4327,4351.25,4327,123,2/18/2022 16:30
4329,4338.25,4346.75,4324.25,70,2/18/2022 17:00
4335.25,4326.5,4340.5,4322,81,2/18/2022 17:30
4320,4321,4328,4315,39,2/18/2022 18:00
4320,4336,4338.25,4320,70,2/18/2022 18:30
4336.75,4351.5,4354.5,4333.25,77,2/18/2022 19:00
4358,4360.75,4365,4345.5,110,2/18/2022 19:30
4362.5,4338.5,4370,4338.5,92,2/18/2022 20:00
4337.75,4339.5,4349.25,4324.5,128,2/18/2022 20:30
4340,4346,4349,4340,34,2/18/2022 21:00
4344.5,4337.25,4346,4337,25,2/18/2022 21:30
4322,4340.5,4349,4302,223,2/22/2022 14:30
4338.25,4351.75,4351.75,4326,103,2/22/2022 15:00
4349.5,4314.75,4349.5,4313.75,112,2/22/2022 15:30
4314,4310.25,4322,4306.5,112,2/22/2022 16:00
4316,4308.25,4321,4301,148,2/22/2022 16:30
4308.25,4299.75,4315.25,4299.75,62,2/22/2022 17:00
4299,4289.25,4303,4289,95,2/22/2022 17:30
4291,4284.75,4297.5,4279,160,2/22/2022 18:00
4284.25,4269,4289.25,4264,119,2/22/2022 18:30
4268,4275,4283,4255.5,201,2/22/2022 19:00
4274.5,4306.75,4313.25,4270,179,2/22/2022 19:30
4307.75,4316.25,4323.5,4303.75,96,2/22/2022 20:00
4305,4292.75,4312,4279.25,178,2/22/2022 20:30
4297.25,4306.75,4311.75,4297.25,61,2/22/2022 21:00
4306.75,4304.25,4312,4303.5,21,2/22/2022 21:30
4322.75,4307.25,4328.75,4307,189,2/23/2022 14:30
4305,4277,4305,4277,191,2/23/2022 15:00
4277.5,4278,4288.5,4273,119,2/23/2022 15:30
4275.5,4266,4279.25,4262.25,107,2/23/2022 16:00
4265.75,4284.5,4286,4264.75,86,2/23/2022 16:30
4283,4295.75,4297.5,4278,49,2/23/2022 17:00
4297.75,4273.75,4297.75,4273.5,88,2/23/2022 17:30
4274.25,4252.75,4274.25,4252.5,122,2/23/2022 18:00
4255.25,4257.25,4268.5,4247,98,2/23/2022 18:30
4258.25,4237.75,4261.75,4237.25,136,2/23/2022 19:00
4240,4233.5,4240,4227.25,75,2/23/2022 19:30
4230.25,4232.75,4233.25,4214.5,226,2/23/2022 20:00
4231.5,4216,4233.25,4208.5,318,2/23/2022 20:30
4217,4216,4220,4215.25,80,2/23/2022 21:00
4214,4210.5,4215,4206.75,42,2/23/2022 21:30
4104.25,4152,4153,4102.25,630,2/24/2022 14:30
4151.25,4150.25,4176.25,4126.75,1042,2/24/2022 15:00
4148,4165,4173.75,4139,483,2/24/2022 15:30
4162.75,4171.25,4189.25,4158,304,2/24/2022 16:00
4172,4181.5,4181.5,4155,391,2/24/2022 16:30
4181,4157,4181.5,4148.25,378,2/24/2022 17:00
4160,4157.75,4173.5,4148.5,251,2/24/2022 17:30
4158.5,4160,4176.75,4152,216,2/24/2022 18:00
4162,4184.5,4208,4162,325,2/24/2022 18:30
4182,4202.5,4202.5,4173.5,166,2/24/2022 19:00
4204,4228,4232.25,4204,254,2/24/2022 19:30
4225,4232.5,4244.25,4225,169,2/24/2022 20:00
4232.25,4277.75,4282,4232.25,606,2/24/2022 20:30
4273.5,4259.25,4277.5,4255.75,106,2/24/2022 21:00
4258,4263,4271.5,4256.75,19,2/24/2022 21:30
4290.25,4279.75,4306.25,4277.5,629,2/25/2022 14:30
4280,4313.25,4317,4274,389,2/25/2022 15:00
4314.25,4328,4332.75,4300.5,344,2/25/2022 15:30
4327.25,4348.5,4352.5,4317.75,378,2/25/2022 16:00
4347.75,4362.25,4363.75,4340.75,436,2/25/2022 16:30
4361.5,4361.75,4365,4350.5,273,2/25/2022 17:00
4362.25,4354.75,4368.25,4349.5,583,2/25/2022 17:30
4356.25,4361.75,4363.5,4344.75,376,2/25/2022 18:00
4361.5,4361.75,4372.5,4357.25,296,2/25/2022 18:30
4361.5,4366.25,4370.25,4353.25,509,2/25/2022 19:00
4368.5,4355.75,4370.75,4346.75,524,2/25/2022 19:30
4355.25,4361.75,4369.5,4347.25,567,2/25/2022 20:00
4362.25,4372,4374.75,4355.5,1066,2/25/2022 20:30
4372,4374.75,4375.75,4370.75,58,2/25/2022 21:00
4375.25,4372.75,4376,4372.25,25,2/25/2022 21:30
4314.75,4337,4339,4314.75,866,2/28/2022 14:30
4337.5,4330,4340,4313.25,409,2/28/2022 15:00
4328.5,4353.75,4357.25,4328.25,555,2/28/2022 15:30
4355,4371.5,4374.5,4350.5,677,2/28/2022 16:00
4372,4369,4377,4357,236,2/28/2022 16:30
4369.25,4341.5,4371.5,4337.25,206,2/28/2022 17:00
4341.25,4330.75,4341.25,4321.5,188,2/28/2022 17:30
4330.5,4332.5,4349.25,4324.75,309,2/28/2022 18:00
4330,4337.75,4344.75,4325.5,238,2/28/2022 18:30
4336.75,4307,4336.75,4301.75,273,2/28/2022 19:00
4308.25,4324,4327.5,4301.75,159,2/28/2022 19:30
4324,4331.5,4337,4311.5,287,2/28/2022 20:00
4329.75,4360.75,4364.5,4311,1011,2/28/2022 20:30
4359.75,4362,4363,4355.25,92,2/28/2022 21:00
4362,4362.5,4362.5,4362,9,2/28/2022 21:30
4344.75,4345,4366.25,4339,3040,3/1/2022 14:30
4346.75,4342.5,4356.5,4329,1910,3/1/2022 15:00
4342.5,4321.25,4346.75,4317.75,1442,3/1/2022 15:30
4321.5,4324.5,4335.5,4319.25,1287,3/1/2022 16:00
4325,4292,4325,4286,1279,3/1/2022 16:30
4291,4298,4300,4280,895,3/1/2022 17:00
4295.5,4308.75,4310.5,4295,233,3/1/2022 17:30
4310.25,4277,4314.5,4277,175,3/1/2022 18:00
4277,4284.5,4289,4276,371,3/1/2022 18:30
4286.25,4298.5,4300.25,4274,684,3/1/2022 19:00
4297.75,4291,4307.75,4288,571,3/1/2022 19:30
4291.75,4289.25,4316.75,4288.5,595,3/1/2022 20:00
4288.5,4294.25,4297.75,4266.75,1727,3/1/2022 20:30
4295,4304.75,4306.5,4295,237,3/1/2022 21:00
4304,4301.5,4305.25,4299.5,37,3/1/2022 21:30
4319.25,4331.25,4342.75,4314.25,1286,3/2/2022 14:30
4331.5,4338.75,4346.25,4311,1876,3/2/2022 15:00
4338.5,4339,4351.25,4329,1468,3/2/2022 15:30
4340.5,4362.5,4370.5,4331.25,1696,3/2/2022 16:00
4363.25,4367,4379.5,4358,1569,3/2/2022 16:30
4366.25,4370,4375.75,4361,725,3/2/2022 17:00
4370.5,4373,4376.25,4366.5,668,3/2/2022 17:30
4373.5,4381,4386.25,4373.5,578,3/2/2022 18:00
4380.75,4383,4388.75,4378,480,3/2/2022 18:30
4383.25,4379.5,4390,4373,546,3/2/2022 19:00
4379.75,4375.5,4387.75,4371.75,499,3/2/2022 19:30
4375,4383,4385.75,4372,681,3/2/2022 20:00
4382.5,4374.25,4391,4370,798,3/2/2022 20:30
4373.25,4368.5,4375,4368.5,118,3/2/2022 21:00
4367.5,4365.75,4367.5,4362.5,21,3/2/2022 21:30
4400.5,4394.25,4406,4384.75,1505,3/3/2022 14:30
4389.75,4372.25,4398.25,4366.75,930,3/3/2022 15:00
4371,4344,4375,4343.25,776,3/3/2022 15:30
4344.25,4353,4356.25,4333.5,870,3/3/2022 16:00
4352.25,4358,4363.25,4346,658,3/3/2022 16:30
4357.75,4351,4368.25,4349.25,459,3/3/2022 17:00
4351.5,4372.75,4387.5,4350,1593,3/3/2022 17:30
4373.25,4384,4384.75,4369.5,400,3/3/2022 18:00
4383.75,4374.5,4383.75,4368.5,437,3/3/2022 18:30
4375,4380.75,4387.5,4371.25,407,3/3/2022 19:00
4382.25,4357.75,4382.25,4353.25,459,3/3/2022 19:30
4355.25,4360.25,4360.25,4343,635,3/3/2022 20:00
4359,4352.5,4359.25,4334.5,726,3/3/2022 20:30
4352.5,4355,4357,4350.25,155,3/3/2022 21:00
4355.5,4357.5,4357.5,4352.25,18,3/3/2022 21:30
4312,4312.75,4319.25,4288,979,3/4/2022 14:30
4312.25,4293.25,4318.75,4282,534,3/4/2022 15:00
4291.5,4279.25,4299.25,4279,176,3/4/2022 15:30
4279.75,4285.5,4288.25,4274,323,3/4/2022 16:00
4284,4286,4295,4275,349,3/4/2022 16:30
4287,4310.75,4314,4282.5,440,3/4/2022 17:00
4308.5,4313.75,4318,4300.25,396,3/4/2022 17:30
4314.75,4313,4328.75,4312,583,3/4/2022 18:00
4313.75,4299.75,4323.25,4299,342,3/4/2022 18:30
4302.5,4306.25,4313.25,4292,562,3/4/2022 19:00
4307,4287.75,4311,4285.5,541,3/4/2022 19:30
4287.75,4301.75,4308,4287.75,165,3/4/2022 20:00
4301,4317.25,4321.5,4291,579,3/4/2022 20:30
4317.75,4312.5,4317.75,4311.25,125,3/4/2022 21:00
4312.25,4312,4316.75,4311,33,3/4/2022 21:30
4311,4273.75,4312.75,4273.75,3267,3/7/2022 14:30
4272,4255.75,4281.75,4255,1830,3/7/2022 15:00
4255.5,4251,4262.25,4245,1991,3/7/2022 15:30
4250.25,4258.5,4267.5,4246.75,1283,3/7/2022 16:00
4257.75,4236.5,4259.5,4235.5,1523,3/7/2022 16:30
4236,4224.75,4237.5,4216.5,1655,3/7/2022 17:00
4223.75,4225.25,4238.75,4217.75,3227,3/7/2022 17:30
4224.25,4224,4238,4215.25,2499,3/7/2022 18:00
4224.25,4221.5,4235,4219.75,1514,3/7/2022 18:30
4221.5,4223.25,4234,4215.5,3943,3/7/2022 19:00
4221.5,4212.25,4225.25,4208,1266,3/7/2022 19:30
4213.25,4210.75,4215.25,4197.25,2294,3/7/2022 20:00
4210.25,4189.75,4210.5,4189,2811,3/7/2022 20:30
4190,4178.5,4193,4177.5,726,3/7/2022 21:00
4177.75,4179.25,4183.5,4177.75,169,3/7/2022 21:30
4191.25,4181.75,4206.5,4172.25,7997,3/8/2022 14:30
4181.5,4157.75,4187.25,4152,5390,3/8/2022 15:00
4158.75,4187.5,4189.5,4148.5,3409,3/8/2022 15:30
4188.75,4161.75,4192.5,4158,3603,3/8/2022 16:00
4161.25,4174,4181.25,4145.75,3191,3/8/2022 16:30
4174.5,4232.75,4241,4171.75,7032,3/8/2022 17:00
4233,4246.25,4250.5,4225,3746,3/8/2022 17:30
4246.75,4232.25,4266.5,4230,3427,3/8/2022 18:00
4232.75,4190,4232.75,4189,2602,3/8/2022 18:30
4189.25,4203.25,4204,4172.75,1742,3/8/2022 19:00
4201.5,4209.25,4222.25,4192,1474,3/8/2022 19:30
4209,4184.75,4230,4184.5,1660,3/8/2022 20:00
4185,4157.25,4187.75,4157,2931,3/8/2022 20:30
4157.25,4145,4158.25,4142.5,1233,3/8/2022 21:00
4144.75,4144.25,4147.75,4139.75,311,3/8/2022 21:30
4247.25,4234.75,4251.75,4223,4349,3/9/2022 14:30
4235.5,4252,4258.5,4234.5,3197,3/9/2022 15:00
4252.25,4260.5,4264.25,4246,2574,3/9/2022 15:30
4261.5,4248.5,4262.25,4242,2234,3/9/2022 16:00
4248.5,4268,4269.5,4248.5,1698,3/9/2022 16:30
4268.5,4271,4274.5,4262.5,1526,3/9/2022 17:00
4270,4278,4282,4270,887,3/9/2022 17:30
4278.5,4277.75,4278.5,4267.25,829,3/9/2022 18:00
4277,4261.75,4277,4257.75,2326,3/9/2022 18:30
4262,4267,4272.75,4260.5,1507,3/9/2022 19:00
4268.5,4267.25,4275.75,4265.5,1519,3/9/2022 19:30
4268,4282.25,4285.25,4267.5,1892,3/9/2022 20:00
4283.75,4268.75,4289.5,4260.5,4864,3/9/2022 20:30
4268.75,4268.25,4274.5,4263,1215,3/9/2022 21:00
4268.5,4272.5,4277.75,4265.25,327,3/9/2022 21:30
4218.25,4239,4243.75,4214,27462,3/10/2022 14:30
4239,4225.75,4246.5,4224.75,18514,3/10/2022 15:00
4225.5,4211.5,4229.75,4208.75,11187,3/10/2022 15:30
4211.5,4201.25,4212.25,4198.5,14012,3/10/2022 16:00
4201.25,4212.5,4213.5,4198,9724,3/10/2022 16:30
4212.5,4222.25,4225.25,4210,7910,3/10/2022 17:00
4222.25,4208.25,4222.25,4204.75,9084,3/10/2022 17:30
4208.5,4217.25,4220.25,4204.5,7267,3/10/2022 18:00
4217.25,4228.5,4232.5,4214.5,7779,3/10/2022 18:30
4228.5,4241.75,4246.75,4227,9700,3/10/2022 19:00
4242,4250.25,4254.5,4238.25,9588,3/10/2022 19:30
4250.75,4242.75,4251.5,4234.5,10063,3/10/2022 20:00
4242.75,4248.75,4258.25,4235,22146,3/10/2022 20:30
4248.75,4251.25,4252.25,4242.75,8168,3/10/2022 21:00
4251.25,4248,4253.25,4247.5,628,3/10/2022 21:30
4275,4264.75,4281.25,4259,105897,3/11/2022 14:30
4264.75,4250.25,4265,4241.75,90231,3/11/2022 15:00
4250,4263.25,4264.75,4243,61104,3/11/2022 15:30
4263.5,4246,4264.25,4244.75,51934,3/11/2022 16:00
4246,4237.5,4246.75,4231,58889,3/11/2022 16:30
4237.5,4228.5,4242.25,4227.75,44399,3/11/2022 17:00
4228.25,4233.75,4236.75,4223.5,29724,3/11/2022 17:30
4234,4243.75,4246,4231,30435,3/11/2022 18:00
4243.75,4230.75,4249.25,4230.25,33006,3/11/2022 18:30
4230.75,4240.5,4242.5,4227.25,31978,3/11/2022 19:00
4240.5,4224.75,4241.5,4219.5,34579,3/11/2022 19:30
4224.75,4213.25,4225.5,4213,35726,3/11/2022 20:00
4213.25,4195,4213.25,4189,131995,3/11/2022 20:30
4195,4199.25,4200,4192.5,40096,3/11/2022 21:00
4199.5,4196.75,4201.5,4195.25,3509,3/11/2022 21:30
4203,4207.75,4214,4185.5,120944,3/14/2022 13:30
4207.5,4222.25,4229.25,4199.25,77336,3/14/2022 14:00
4222.25,4237.5,4237.75,4214.75,69669,3/14/2022 14:30
4237.5,4217,4239.75,4215.25,52725,3/14/2022 15:00
4217.25,4199,4218.75,4194,59790,3/14/2022 15:30
4199,4192.5,4199,4182.5,58571,3/14/2022 16:00
4192.5,4173.25,4195.75,4172.5,64220,3/14/2022 16:30
4173,4168.5,4175.5,4167.25,52873,3/14/2022 17:00
4168.75,4161.25,4171,4155.25,77128,3/14/2022 17:30
4161.25,4153.25,4167,4152.25,42202,3/14/2022 18:00
4153.5,4165.5,4167.25,4152.25,41830,3/14/2022 18:30
4165.5,4166.25,4176.5,4160.5,61295,3/14/2022 19:00
4166.25,4165,4171.75,4154.5,139427,3/14/2022 19:30
4165,4170,4176,4162.75,35062,3/14/2022 20:00
4170,4171.25,4172,4168.75,4428,3/14/2022 20:30
4192,4198.25,4208,4178.5,156619,3/15/2022 13:30
4198.25,4212.25,4213.25,4186,98555,3/15/2022 14:00
4212.5,4212.75,4223.5,4209.75,90373,3/15/2022 14:30
4212.75,4226.75,4227.25,4212,65006,3/15/2022 15:00
4226.5,4220.5,4237.5,4213.25,101906,3/15/2022 15:30
4220.5,4236,4238.5,4210.75,80880,3/15/2022 16:00
4236,4231.25,4239.25,4220.5,53590,3/15/2022 16:30
4231,4215.75,4237,4215.75,48479,3/15/2022 17:00
4216,4227,4228.75,4213.25,41849,3/15/2022 17:30
4226.75,4215.25,4229.5,4208,52448,3/15/2022 18:00
4215.5,4241,4242.25,4211,60229,3/15/2022 18:30
4240.75,4252.25,4255,4238.25,68980,3/15/2022 19:00
4252.5,4256.25,4263.25,4248,157096,3/15/2022 19:30
4256.25,4250,4257.25,4247,45045,3/15/2022 20:00
4250,4250,4254,4248.75,5437,3/15/2022 20:30
4294,4314.25,4321.75,4292.75,152124,3/16/2022 13:30
4314.25,4329.5,4339.75,4302,176416,3/16/2022 14:00
4329.5,4328,4337.75,4316,104993,3/16/2022 14:30
4328,4323.25,4329.75,4316.75,59823,3/16/2022 15:00
4323.5,4325.25,4326.75,4317.25,41314,3/16/2022 15:30
4325.5,4325,4331,4320.25,35709,3/16/2022 16:00
4325,4312,4326.5,4306.5,60798,3/16/2022 16:30
4312,4301.5,4314.25,4295.25,59553,3/16/2022 17:00
4301.25,4308,4310.75,4299.5,41924,3/16/2022 17:30
4307.5,4258.5,4307.5,4257.25,149850,3/16/2022 18:00
4258.25,4294,4309,4242.25,162606,3/16/2022 18:30
4294,4324.5,4327.75,4287.75,117812,3/16/2022 19:00
4324.5,4351,4351.75,4313.25,175249,3/16/2022 19:30
4351,4361.25,4361.25,4344.5,75368,3/16/2022 20:00
4361,4362.25,4367.5,4359.75,10583,3/16/2022 20:30
4330,4355.75,4356.5,4325.75,142160,3/17/2022 13:30
4355.75,4358,4364,4353,95458,3/17/2022 14:00
4358,4342,4359.5,4334,76063,3/17/2022 14:30
4341.75,4349.75,4352.75,4337.25,51105,3/17/2022 15:00
4350,4355.75,4359,4345.75,50246,3/17/2022 15:30
4356,4370,4371.25,4351.75,53127,3/17/2022 16:00
4369.75,4372,4373.75,4366,38310,3/17/2022 16:30
4372.25,4381.5,4382,4364.5,45330,3/17/2022 17:00
4381.5,4389,4393.25,4380,43611,3/17/2022 17:30
4389.25,4377.75,4391.75,4377,54003,3/17/2022 18:00
4377.75,4388.5,4390.25,4377.75,44267,3/17/2022 18:30
4388.25,4385.75,4392.5,4375.25,58765,3/17/2022 19:00
4385.5,4405,4406.5,4383.25,171475,3/17/2022 19:30
4405,4390.5,4406.75,4380.5,72072,3/17/2022 20:00
4390.25,4384.25,4391.5,4380.25,12406,3/17/2022 20:30
4387.75,4398.5,4399.5,4379,138655,3/18/2022 13:30
4398.5,4405.5,4416,4395.25,101396,3/18/2022 14:00
4405.5,4403,4410,4392.25,67438,3/18/2022 14:30
4403.25,4405,4414,4401,68066,3/18/2022 15:00
4405.25,4407.75,4417.75,4399.25,76283,3/18/2022 15:30
4408,4418.25,4418.5,4403.5,42491,3/18/2022 16:00
4418,4422.75,4425.5,4416.5,49054,3/18/2022 16:30
4422.75,4431,4431.25,4420.25,40871,3/18/2022 17:00
4431,4428.75,4434,4426.5,40899,3/18/2022 17:30
4428.75,4430.25,4433,4423.5,39240,3/18/2022 18:00
4430.5,4434,4435.5,4425.75,39327,3/18/2022 18:30
4434,4448.75,4451,4432,63843,3/18/2022 19:00
4449,4452.75,4457,4445.25,203152,3/18/2022 19:30
4452.75,4462.5,4465,4450.75,75683,3/18/2022 20:00
4462.25,4465,4465.75,4460.75,12350,3/18/2022 20:30
4451.5,4447.5,4473,4446.5,136018,3/21/2022 13:30
4447.75,4438.25,4451,4435.5,101144,3/21/2022 14:00
4438.25,4457.25,4459.5,4435.75,72378,3/21/2022 14:30
4457.5,4463,4465.75,4451.75,69088,3/21/2022 15:00
4463.25,4463,4466,4455,62817,3/21/2022 15:30
4463.25,4463.25,4467,4455.25,46208,3/21/2022 16:00
4463.5,4432,4463.75,4430,106071,3/21/2022 16:30
4432,4421.25,4433.25,4415,89504,3/21/2022 17:00
4421.25,4433.5,4434.75,4420,63019,3/21/2022 17:30
4433.5,4443.5,4444.75,4425.5,63003,3/21/2022 18:00
4443.25,4427,4448.5,4426.25,75368,3/21/2022 18:30
4427,4443.5,4443.75,4425.5,71978,3/21/2022 19:00
4443.25,4452.75,4453.5,4429.25,133550,3/21/2022 19:30
4453,4457.25,4458.75,4450.5,51456,3/21/2022 20:00
4457.25,4458.5,4460.75,4457,6232,3/21/2022 20:30
4467.25,4480.75,4483.25,4467,132805,3/22/2022 13:30
4480.75,4494.25,4496.75,4480.75,105824,3/22/2022 14:00
4494.25,4496.75,4502.5,4494.25,78329,3/22/2022 14:30
4497,4502.75,4506,4491,67183,3/22/2022 15:00
4502.75,4495.75,4503,4493.5,47712,3/22/2022 15:30
4496,4490,4500.75,4488,57354,3/22/2022 16:00
4489.75,4498.75,4499.75,4486.5,51816,3/22/2022 16:30
4498.75,4499,4504.5,4494.25,44536,3/22/2022 17:00
4499,4504,4504.75,4498.25,38096,3/22/2022 17:30
4504,4494.75,4504.75,4490,51029,3/22/2022 18:00
4494.75,4498.75,4501.75,4490.5,45279,3/22/2022 18:30
4498.75,4499.25,4507.75,4497,55822,3/22/2022 19:00
4499.5,4505.25,4514.75,4497.75,173527,3/22/2022 19:30
4505.25,4505.25,4507.75,4504,52482,3/22/2022 20:00
4505.25,4505.75,4506.75,4505,5087,3/22/2022 20:30
4477.5,4469.5,4481.75,4465.25,140374,3/23/2022 13:30
4469.5,4483.75,4487.75,4465.75,108100,3/23/2022 14:00
4483.75,4481.25,4488.5,4475,72760,3/23/2022 14:30
4481.25,4489.25,4490.75,4480.25,58836,3/23/2022 15:00
4489.25,4486.5,4489.75,4482,43884,3/23/2022 15:30
4486.5,4482.25,4493.75,4472.5,72965,3/23/2022 16:00
4482,4477,4485.5,4470.25,56880,3/23/2022 16:30
4477,4459.5,4478.25,4457.75,59130,3/23/2022 17:00
4459.5,4466.5,4467.5,4456.25,62277,3/23/2022 17:30
4466.5,4468,4468.25,4455.75,51381,3/23/2022 18:00
4467.75,4462,4472,4460.25,53291,3/23/2022 18:30
4462,4465.75,4468.5,4457.75,61387,3/23/2022 19:00
4465.75,4446.75,4467.75,4446,172943,3/23/2022 19:30
4446.75,4447.5,4448.75,4444.75,57052,3/23/2022 20:00
4447.75,4449,4449.75,4447.5,5198,3/23/2022 20:30
4468,4464,4472,4456,122556,3/24/2022 13:30
4464,4463,4478.25,4461.5,98612,3/24/2022 14:00
4463,4472.5,4478,4460.75,77304,3/24/2022 14:30
4472.25,4491,4492,4471,101246,3/24/2022 15:00
4491,4493.25,4498.5,4489,64803,3/24/2022 15:30
4493,4481,4494.75,4478.75,55710,3/24/2022 16:00
4481,4486.25,4487,4476.5,45027,3/24/2022 16:30
4486,4490.5,4492.75,4482.5,43013,3/24/2022 17:00
4490.25,4491.25,4494.25,4486.75,29916,3/24/2022 17:30
4491.25,4490,4497.5,4486.75,41396,3/24/2022 18:00
4490,4490.25,4491.75,4483,43173,3/24/2022 18:30
4490.25,4505,4507.25,4486.25,63358,3/24/2022 19:00
4504.75,4513,4513.5,4497.25,154540,3/24/2022 19:30
4513.25,4516.25,4517,4510.75,63916,3/24/2022 20:00
4516.25,4516.25,4517.5,4516,6921,3/24/2022 20:30
4520.25,4518,4525.25,4511.75,124180,3/25/2022 13:30
4518,4527.75,4534,4513.5,85111,3/25/2022 14:00
4527.75,4532.25,4539,4527.5,70790,3/25/2022 14:30
4532.5,4499.5,4534.5,4493.25,113286,3/25/2022 15:00
4499.75,4501.75,4509.75,4495.75,80000,3/25/2022 15:30
4502,4512,4513.5,4498.5,59715,3/25/2022 16:00
4511.75,4509.75,4514,4501.75,53870,3/25/2022 16:30
4509.75,4508.75,4517,4504.5,49471,3/25/2022 17:00
4508.75,4522.75,4523.5,4508.75,43577,3/25/2022 17:30
4522.75,4526.5,4528,4520.5,43062,3/25/2022 18:00
4526.25,4528,4531.25,4524.75,41080,3/25/2022 18:30
4528.25,4510,4528.75,4509.25,64266,3/25/2022 19:00
4510,4536,4537.75,4506.5,138700,3/25/2022 19:30
4536,4535.5,4536.75,4532.25,48390,3/25/2022 20:00
4535.5,4536,4536.5,4534.75,6602,3/25/2022 20:30
4529.5,4545,4546,4525.75,115357,3/28/2022 13:30
4544.75,4538.5,4545.5,4530.25,91120,3/28/2022 14:00
4538.75,4542.5,4542.75,4529.5,62572,3/28/2022 14:30
4542.25,4533.75,4543.75,4527.75,82369,3/28/2022 15:00
4533.75,4514,4534,4512,73732,3/28/2022 15:30
4513.75,4515.25,4521.75,4509.75,57377,3/28/2022 16:00
4515.25,4525.75,4527,4514.25,41700,3/28/2022 16:30
4526,4532.75,4534.75,4523.5,43306,3/28/2022 17:00
4532.75,4533.5,4534.75,4530.75,27664,3/28/2022 17:30
4533.75,4538.5,4539.25,4531.25,40054,3/28/2022 18:00
4538.5,4553.5,4553.75,4537,65160,3/28/2022 18:30
4553.5,4554.5,4555.75,4548.5,53449,3/28/2022 19:00
4554.5,4569,4569,4553.25,147357,3/28/2022 19:30
4569,4570,4572.25,4567.25,56255,3/28/2022 20:00
4570.25,4570,4570.5,4570,5592,3/28/2022 20:30
4610,4603.25,4623,4596.75,170041,3/29/2022 13:30
4603,4597.25,4607.25,4581.75,125446,3/29/2022 14:00
4597.25,4602,4604.5,4586.5,100014,3/29/2022 14:30
4602.25,4603.25,4605.5,4592.75,58148,3/29/2022 15:00
4603.5,4604.5,4610,4601,51557,3/29/2022 15:30
4604.75,4593.75,4605.25,4591.5,41639,3/29/2022 16:00
4593.5,4593.25,4598,4585,53344,3/29/2022 16:30
4593.25,4591.75,4594,4586.5,35166,3/29/2022 17:00
4592,4605.5,4605.75,4589.75,41243,3/29/2022 17:30
4605.5,4608.5,4609,4601,40100,3/29/2022 18:00
4608.25,4616,4618.5,4607.25,50124,3/29/2022 18:30
4616,4625.5,4625.75,4613.5,64087,3/29/2022 19:00
4625.5,4627,4631,4616.5,161528,3/29/2022 19:30
4627,4621.25,4627.25,4619.5,50287,3/29/2022 20:00
4621.25,4621.25,4623.75,4620.75,4176,3/29/2022 20:30
4614,4619.5,4620.5,4608.75,109067,3/30/2022 13:30
4619.5,4611.75,4622.5,4610.75,78497,3/30/2022 14:00
4611.75,4608.75,4618,4608,63853,3/30/2022 14:30
4609,4602,4611,4596.5,82551,3/30/2022 15:00
4602,4607,4607.5,4600.25,46727,3/30/2022 15:30
4606.75,4605.25,4611.5,4601,49126,3/30/2022 16:00
4605.25,4609.5,4611.5,4603.75,25431,3/30/2022 16:30
4609.25,4600.25,4609.75,4599,34297,3/30/2022 17:00
4600.5,4596.5,4602,4595.25,43106,3/30/2022 17:30
4596.75,4596,4603.5,4594.5,45199,3/30/2022 18:00
4595.75,4589,4600,4588,52113,3/30/2022 18:30
4589.25,4582,4590,4574.75,91347,3/30/2022 19:00
4582,4597.75,4598.25,4579,202152,3/30/2022 19:30
4597.75,4601.25,4601.5,4596.25,47995,3/30/2022 20:00
4601,4601.5,4604,4601,6872,3/30/2022 20:30
4589.25,4589,4591.75,4581,109679,3/31/2022 13:30
4589,4581.5,4589,4575,97282,3/31/2022 14:00
4581.5,4594.25,4597.25,4579.75,83380,3/31/2022 14:30
4594.5,4586.5,4596,4585.25,60048,3/31/2022 15:00
4586.5,4589,4591.5,4582.25,47665,3/31/2022 15:30
4588.75,4579.25,4590.75,4576.75,47414,3/31/2022 16:00
4579,4576.5,4582.75,4575.5,38788,3/31/2022 16:30
4576.5,4579,4579.75,4572.25,48135,3/31/2022 17:00
4579,4579,4584.5,4575.75,38278,3/31/2022 17:30
4578.75,4573,4579.5,4568.75,56846,3/31/2022 18:00
4573,4575.5,4576,4568,50804,3/31/2022 18:30
4575.5,4565.25,4583.5,4562.5,91505,3/31/2022 19:00
4565.25,4527.5,4566.5,4526.25,445713,3/31/2022 19:30
4527.5,4538.25,4544,4527.5,145655,3/31/2022 20:00
4538.25,4541,4542.25,4537.5,9590,3/31/2022 20:30
4543.5,4533,4545,4526.5,134755,4/1/2022 13:30
4532.5,4520.75,4538.5,4518,125659,4/1/2022 14:00
4520.75,4529.75,4533.25,4518,91772,4/1/2022 14:30
4529.75,4526.75,4534.5,4525.5,67720,4/1/2022 15:00
4527,4513.25,4527.5,4511,73082,4/1/2022 15:30
4513.25,4514.5,4515,4506.5,55695,4/1/2022 16:00
4514.25,4509.5,4514.5,4503.5,54011,4/1/2022 16:30
4509.5,4506.5,4512.25,4501.25,47323,4/1/2022 17:00
4506.75,4515.75,4519,4505.5,49841,4/1/2022 17:30
4515.5,4532,4532.5,4514.75,69960,4/1/2022 18:00
4532,4528.5,4538,4526.5,67468,4/1/2022 18:30
4528.25,4521,4535.5,4516.75,73424,4/1/2022 19:00
4521,4538.25,4542,4513.5,225694,4/1/2022 19:30
4538.5,4536.75,4540.5,4531.75,54967,4/1/2022 20:00
4536.75,4538.5,4539.25,4532.75,5736,4/1/2022 20:30
4541.25,4555.25,4557.25,4532.75,120308,4/4/2022 13:30
4555,4558.25,4558.75,4544.5,104177,4/4/2022 14:00
4558.5,4555,4559.5,4550.75,61850,4/4/2022 14:30
4554.75,4562.25,4563.25,4553.5,55288,4/4/2022 15:00
4562.25,4565.25,4567.5,4559,49765,4/4/2022 15:30
4565.5,4566,4566.75,4563.25,33781,4/4/2022 16:00
4566,4559.25,4567.25,4558.5,33198,4/4/2022 16:30
4559.25,4562.75,4563.25,4556.75,30101,4/4/2022 17:00
4562.75,4567.25,4568,4561,30914,4/4/2022 17:30
4567.5,4568.75,4569.25,4560,38949,4/4/2022 18:00
4568.75,4570.5,4572.5,4566.5,38544,4/4/2022 18:30
4570.5,4571.25,4573.5,4568.25,47023,4/4/2022 19:00
4571,4577.75,4578.75,4567.5,148660,4/4/2022 19:30
4578,4578,4580,4575.25,44559,4/4/2022 20:00
4577.75,4576,4579.75,4575.5,4062,4/4/2022 20:30
4562.25,4579.25,4582.5,4560.25,124142,4/5/2022 13:30
4579.25,4554,4588.75,4548.5,182543,4/5/2022 14:00
4553.75,4560.75,4565,4547.5,90989,4/5/2022 14:30
4560.5,4555,4562.5,4551.25,66114,4/5/2022 15:00
4555.25,4544.75,4559.75,4544.5,68791,4/5/2022 15:30
4544.75,4537.25,4548.75,4536.75,60204,4/5/2022 16:00
4537.25,4545.25,4546.75,4536.25,48969,4/5/2022 16:30
4545,4551.5,4556.5,4543.25,48657,4/5/2022 17:00
4551.5,4539.75,4551.75,4534.25,47023,4/5/2022 17:30
4539.75,4539,4544.5,4535.5,46435,4/5/2022 18:00
4539,4534.75,4541.75,4533.25,46681,4/5/2022 18:30
4534.5,4523.5,4537.25,4520.25,82446,4/5/2022 19:00
4523.5,4521.5,4523.75,4507.75,182141,4/5/2022 19:30
4521.25,4522.5,4524.5,4521,42501,4/5/2022 20:00
4522.5,4526.25,4526.5,4522.5,5213,4/5/2022 20:30
4477.75,4465.25,4485.25,4464.25,189933,4/6/2022 13:30
4465.25,4459.25,4467.75,4454.5,132665,4/6/2022 14:00
4459,4459.25,4468.25,4457,89713,4/6/2022 14:30
4459.25,4464,4466.75,4456,81241,4/6/2022 15:00
4464.25,4468.75,4474,4458.75,67316,4/6/2022 15:30
4468.5,4458.75,4470.75,4455.75,53006,4/6/2022 16:00
4458.5,4462.25,4463.25,4457,38777,4/6/2022 16:30
4462.25,4468,4469,4458.75,40346,4/6/2022 17:00
4468,4470.25,4478.5,4466.25,59049,4/6/2022 17:30
4470.5,4455.5,4495.25,4444.5,203673,4/6/2022 18:00
4455.25,4489.75,4490.5,4454.25,139275,4/6/2022 18:30
4489.75,4466.5,4499.5,4465.75,129019,4/6/2022 19:00
4466.5,4475.75,4490,4463,204138,4/6/2022 19:30
4475.5,4474.25,4477.5,4471,47391,4/6/2022 20:00
4474.5,4471,4475,4471,4204,4/6/2022 20:30
4466,4479,4486,4462.5,127569,4/7/2022 13:30
4479,4466,4486.75,4465,113447,4/7/2022 14:00
4466,4461.75,4475.5,4453.25,94875,4/7/2022 14:30
4461.5,4454,4470,4450.25,85955,4/7/2022 15:00
4454.25,4452.25,4458.75,4447.75,67160,4/7/2022 15:30
4452.25,4452.5,4461,4450.25,49645,4/7/2022 16:00
4452.5,4451.75,4455.25,4444.5,46068,4/7/2022 16:30
4451.75,4474.75,4476.75,4450.5,72090,4/7/2022 17:00
4474.75,4484,4486.25,4468.25,69699,4/7/2022 17:30
4484,4481.5,4491.5,4478,75315,4/7/2022 18:00
4481.5,4501.75,4504.25,4479,78775,4/7/2022 18:30
4501.75,4502.5,4514.75,4500.25,108147,4/7/2022 19:00
4502.75,4497.75,4517.25,4494.25,166774,4/7/2022 19:30
4497.75,4493,4499.75,4491.75,38315,4/7/2022 20:00
4493.25,4495,4497.5,4492.5,4259,4/7/2022 20:30
4489.25,4470.5,4491.75,4469,154296,4/8/2022 13:30
4470.25,4483.75,4485,4468.75,102340,4/8/2022 14:00
4483.5,4507.5,4508,4480.75,114746,4/8/2022 14:30
4507.5,4503,4512.25,4499.25,89611,4/8/2022 15:00
4503,4505.25,4508.25,4497.75,62542,4/8/2022 15:30
4505.25,4513.75,4516,4500.25,57948,4/8/2022 16:00
4513.75,4511.5,4514,4504.25,47602,4/8/2022 16:30
4511.5,4502,4511.75,4501.25,40208,4/8/2022 17:00
4502.25,4498,4502.25,4495.5,47062,4/8/2022 17:30
4497.75,4489.75,4503,4487.25,62755,4/8/2022 18:00
4490,4495.75,4501,4486,57410,4/8/2022 18:30
4496,4498.75,4503.75,4491,67221,4/8/2022 19:00
4498.75,4487,4501.25,4476.75,156223,4/8/2022 19:30
4487,4485,4490.5,4482.25,48854,4/8/2022 20:00
4485,4483.5,4485.5,4481.75,4322,4/8/2022 20:30
4450.5,4450,4459.5,4438,186702,4/11/2022 13:30
4449.75,4437,4454.25,4433.25,114617,4/11/2022 14:00
4436.75,4432.5,4437.5,4428.75,87082,4/11/2022 14:30
4432.25,4429,4435.75,4425,64472,4/11/2022 15:00
4429,4430.5,4436.75,4427.5,56263,4/11/2022 15:30
4430.5,4426.25,4432.5,4426.25,36049,4/11/2022 16:00
4426.5,4427.5,4429.5,4422.75,54005,4/11/2022 16:30
4427.25,4426.5,4435,4423.5,62306,4/11/2022 17:00
4426.5,4431.25,4432.25,4425,39870,4/11/2022 17:30
4431,4424.5,4435,4422.25,52396,4/11/2022 18:00
4424.25,4433.75,4437.25,4421,59923,4/11/2022 18:30
4433.75,4418.75,4439.25,4418,73606,4/11/2022 19:00
4418.75,4409.25,4419.75,4403.5,197553,4/11/2022 19:30
4409.25,4406.25,4411.25,4405.25,53073,4/11/2022 20:00
4406.25,4410,4410,4405.25,6292,4/11/2022 20:30
4440.5,4460,4466.75,4432.75,194508,4/12/2022 13:30
4459.75,4445.25,4462.25,4445,111997,4/12/2022 14:00
4445.5,4435.25,4448,4431.25,103817,4/12/2022 14:30
4435.5,4450,4451.5,4431.25,76821,4/12/2022 15:00
4449.75,4446,4454.75,4443,64104,4/12/2022 15:30
4446.25,4426.75,4446.75,4425.5,74769,4/12/2022 16:00
4426.75,4429.5,4433,4421.5,70518,4/12/2022 16:30
4429.25,4425.5,4436,4420.75,82594,4/12/2022 17:00
4425.75,4405.25,4428.5,4403,87758,4/12/2022 17:30
4405,4394.25,4412.5,4393.5,88518,4/12/2022 18:00
4394,4397.25,4402,4389,95507,4/12/2022 18:30
4397.25,4379.75,4399.25,4375.5,87792,4/12/2022 19:00
4379.75,4391.5,4397.25,4376,150613,4/12/2022 19:30
4391.5,4396.25,4398,4387.75,44337,4/12/2022 20:00
4396.25,4394.5,4397.25,4394.25,4147,4/12/2022 20:30
4389.25,4399.25,4411.75,4387,162667,4/13/2022 13:30
4399,4401.5,4407.5,4391.25,93098,4/13/2022 14:00
4401.5,4407,4408.25,4396.25,70192,4/13/2022 14:30
4406.75,4424,4426.5,4406.5,79746,4/13/2022 15:00
4424,4419,4428.75,4416.75,56592,4/13/2022 15:30
4419,4424.25,4429.75,4416.25,51927,4/13/2022 16:00
4424.5,4429.25,4434.75,4424.25,44757,4/13/2022 16:30
4429.25,4432.25,4437,4428,40223,4/13/2022 17:00
4432.25,4429,4433.25,4423.75,38154,4/13/2022 17:30
4429,4430.5,4434,4426,50436,4/13/2022 18:00
4430.5,4436.75,4439,4429,43936,4/13/2022 18:30
4436.75,4443.75,4444.5,4431.75,58933,4/13/2022 19:00
4443.75,4442.5,4449.5,4438.75,140286,4/13/2022 19:30
4442.5,4439,4443.25,4438,41008,4/13/2022 20:00
4439.25,4438.25,4440,4438.25,5138,4/13/2022 20:30
4444,4429.25,4455.75,4425,163920,4/14/2022 13:30
4429.75,4421.25,4437.75,4413.75,134535,4/14/2022 14:00
4421.5,4422.25,4428.5,4416.75,79326,4/14/2022 14:30
4422.5,4428.75,4431.25,4419,74728,4/14/2022 15:00
4429,4416,4430.5,4414,56104,4/14/2022 15:30
4416,4409.25,4420.5,4407.5,54046,4/14/2022 16:00
4409,4409,4411.25,4403,42497,4/14/2022 16:30
4408.75,4408,4411,4404.5,48603,4/14/2022 17:00
4408,4421.5,4421.75,4407.25,43354,4/14/2022 17:30
4421.5,4417.5,4427.25,4412.75,50982,4/14/2022 18:00
4417.5,4401.75,4419.75,4401.5,48496,4/14/2022 18:30
4401.5,4401,4408.5,4397,76689,4/14/2022 19:00
4400.75,4387.25,4401.25,4385.25,175329,4/14/2022 19:30
4387,4386,4389,4385,57421,4/14/2022 20:00
4386.25,4389,4389.75,4385.5,5764,4/14/2022 20:30
4376.25,4386.25,4403.25,4376.25,138328,4/18/2022 13:30
4386.25,4396.25,4403.75,4379.25,96143,4/18/2022 14:00
4396,4394,4403.75,4390,56597,4/18/2022 14:30
4394.25,4381.75,4398.25,4378.5,51832,4/18/2022 15:00
4381.75,4380,4382.5,4370.5,48159,4/18/2022 15:30
4380,4367.75,4380.75,4366.25,47705,4/18/2022 16:00
4367.5,4373.75,4376.25,4364.5,37242,4/18/2022 16:30
4374,4381.25,4384,4372,45354,4/18/2022 17:00
4381,4400.25,4406,4380.5,70597,4/18/2022 17:30
4400.25,4397.75,4406.25,4391.25,70100,4/18/2022 18:00
4398,4392.5,4403.75,4392,47289,4/18/2022 18:30
4392.25,4379.25,4394.25,4378.75,65384,4/18/2022 19:00
4379.25,4389,4389,4365,142607,4/18/2022 19:30
4389,4401.25,4404.5,4387.25,71139,4/18/2022 20:00
4401.25,4399.5,4401.75,4398.75,6178,4/18/2022 20:30
4386.75,4422.75,4423,4385,185827,4/19/2022 13:30
4422.5,4435.75,4437.5,4420,129773,4/19/2022 14:00
4435.75,4440.25,4447.5,4433.25,92258,4/19/2022 14:30
4440.25,4446,4448,4436.25,77008,4/19/2022 15:00
4446,4446.25,4451.75,4441.5,59024,4/19/2022 15:30
4446.25,4444.5,4449.5,4442.75,43453,4/19/2022 16:00
4444.75,4442.5,4446.5,4439.75,41449,4/19/2022 16:30
4442.75,4435.75,4445.5,4435.25,41116,4/19/2022 17:00
4435.75,4444.5,4447.75,4435.5,42404,4/19/2022 17:30
4444.5,4438.75,4445.25,4433,59965,4/19/2022 18:00
4438.75,4446.75,4447.5,4436.25,49231,4/19/2022 18:30
4446.75,4460.25,4462.5,4444.25,79763,4/19/2022 19:00
4460.25,4459,4467,4451,215896,4/19/2022 19:30
4459,4440.75,4460.25,4433.5,78379,4/19/2022 20:00
4440.75,4441,4442.75,4440.25,6488,4/19/2022 20:30
4477.5,4459.25,4484.25,4452.75,176103,4/20/2022 13:30
4459.25,4467,4469.25,4452.5,107987,4/20/2022 14:00
4467,4478.5,4481.75,4462.5,88252,4/20/2022 14:30
4478.5,4464.5,4479,4459.5,82107,4/20/2022 15:00
4464.75,4469.25,4474.5,4463,56854,4/20/2022 15:30
4469.25,4459.25,4472,4456.75,53492,4/20/2022 16:00
4459.25,4471.75,4475.75,4458.25,62978,4/20/2022 16:30
4471.5,4470.5,4478,4467.5,66989,4/20/2022 17:00
4470.5,4475,4481,4468,50201,4/20/2022 17:30
4475,4462.75,4478,4462.25,50582,4/20/2022 18:00
4463,4449,4464,4443.5,80387,4/20/2022 18:30
4449,4463.75,4467.75,4447.75,78633,4/20/2022 19:00
4463.75,4455.75,4472.75,4453,152439,4/20/2022 19:30
4455.75,4464,4471.25,4454,54012,4/20/2022 20:00
4464,4469.25,4470,4463.75,5107,4/20/2022 20:30
4494.5,4502.75,4509,4494.25,148025,4/21/2022 13:30
4502.75,4496.25,4503.25,4487.75,112882,4/21/2022 14:00
4496.25,4482.25,4498.75,4478.25,87696,4/21/2022 14:30
4482.25,4475.75,4485.25,4472.75,81119,4/21/2022 15:00
4475.5,4455.75,4476.5,4455.5,89186,4/21/2022 15:30
4456,4445,4459.5,4443.75,86465,4/21/2022 16:00
4445,4435.25,4453,4435,72497,4/21/2022 16:30
4435.25,4441.25,4442.5,4422.25,125951,4/21/2022 17:00
4441.5,4426,4444.75,4424.25,84737,4/21/2022 17:30
4426,4415.5,4426,4412,104698,4/21/2022 18:00
4415.5,4400.75,4428,4397,102912,4/21/2022 18:30
4400.75,4403.25,4406,4387.25,120829,4/21/2022 19:00
4403.25,4388.5,4404.25,4380,202550,4/21/2022 19:30
4388.5,4384.75,4390.75,4380.75,53730,4/21/2022 20:00
4385,4385.75,4387.75,4383.25,7453,4/21/2022 20:30
4377.25,4351.25,4380.5,4346,197800,4/22/2022 13:30
4351.25,4337.25,4367.75,4335.75,154779,4/22/2022 14:00
4337.25,4331.25,4349,4329.25,131274,4/22/2022 14:30
4331,4334.75,4343,4326.75,98118,4/22/2022 15:00
4334.75,4311.5,4337.75,4311,98225,4/22/2022 15:30
4311.25,4316.75,4321,4306.25,88716,4/22/2022 16:00
4316.75,4312,4326.75,4310.75,66420,4/22/2022 16:30
4311.75,4308.5,4315,4302.75,62071,4/22/2022 17:00
4308.25,4295,4309.5,4294.75,70124,4/22/2022 17:30
4295,4296.5,4307.5,4290.75,85776,4/22/2022 18:00
4296.5,4282,4299.75,4275.5,95336,4/22/2022 18:30
4282.25,4293.25,4301.75,4274.5,138539,4/22/2022 19:00
4293,4269.5,4311.75,4262.25,310407,4/22/2022 19:30
4269.25,4250.25,4270.75,4250,103282,4/22/2022 20:00
4250,4251.25,4256,4247.5,13154,4/22/2022 20:30
4244,4210.5,4246.5,4210.25,248332,4/25/2022 13:30
4210.5,4234,4237.75,4207.25,189204,4/25/2022 14:00
4234,4214.5,4251.5,4213,159336,4/25/2022 14:30
4214.5,4215,4229.5,4206.25,125818,4/25/2022 15:00
4215,4204.75,4224.5,4195.25,127818,4/25/2022 15:30
4204.75,4224.25,4234,4198.5,119630,4/25/2022 16:00
4224.25,4227.75,4240.25,4221,88438,4/25/2022 16:30
4227.75,4237.5,4245,4216.75,87931,4/25/2022 17:00
4237.75,4232,4244.25,4226.75,74318,4/25/2022 17:30
4232,4262.75,4263.5,4224.5,104180,4/25/2022 18:00
4263,4262.5,4275,4254.5,101934,4/25/2022 18:30
4262.5,4279.5,4282,4245.5,120630,4/25/2022 19:00
4279.5,4293,4294.75,4275.75,224602,4/25/2022 19:30
4293,4293.5,4296.5,4288,48775,4/25/2022 20:00
4293.25,4294.25,4295,4291.25,6372,4/25/2022 20:30
4265.75,4245.75,4267.5,4241.25,163981,4/26/2022 13:30
4245.25,4231.75,4253.5,4221.25,170677,4/26/2022 14:00
4231.75,4217.5,4232.75,4211.75,152980,4/26/2022 14:30
4217.5,4215.25,4222.25,4208.75,112106,4/26/2022 15:00
4215,4201.25,4219.25,4201,106516,4/26/2022 15:30
4201.5,4226.75,4229.75,4201.25,86830,4/26/2022 16:00
4226.75,4229.5,4230,4212.5,87069,4/26/2022 16:30
4229.25,4198.75,4229.75,4196.25,77437,4/26/2022 17:00
4198.5,4201,4212.75,4194,90835,4/26/2022 17:30
4201,4212.5,4216.75,4196.5,79970,4/26/2022 18:00
4212.5,4214.25,4217,4199.25,79417,4/26/2022 18:30
4214.25,4186.75,4219.25,4183,109288,4/26/2022 19:00
4186.75,4168.25,4191.75,4167.25,270845,4/26/2022 19:30
4168,4149.75,4175.75,4145.25,138947,4/26/2022 20:00
4149.75,4140.75,4150,4136.75,19503,4/26/2022 20:30
4179.25,4214.25,4227.25,4177.5,215243,4/27/2022 13:30
4214.5,4166.25,4225.25,4165,198980,4/27/2022 14:00
4166,4187,4200,4157,155455,4/27/2022 14:30
4187.25,4205,4207.25,4184,119676,4/27/2022 15:00
4205.25,4203.75,4217,4196.5,85505,4/27/2022 15:30
4203.75,4228.25,4229.25,4194.25,78072,4/27/2022 16:00
4228.5,4227.75,4236.25,4220.5,70843,4/27/2022 16:30
4227.5,4222.25,4230.75,4203.25,109704,4/27/2022 17:00
4222.25,4226.25,4228.5,4211.25,64996,4/27/2022 17:30
4226.5,4210.75,4226.5,4208.75,56179,4/27/2022 18:00
4210.5,4194,4222.75,4189.75,88234,4/27/2022 18:30
4194,4189.5,4197,4179.25,104320,4/27/2022 19:00
4189.5,4179.75,4194.75,4172,195436,4/27/2022 19:30
4179.75,4197.5,4200.25,4175.25,76467,4/27/2022 20:00
4197.75,4211.5,4216.5,4197.75,15309,4/27/2022 20:30
4229.75,4211.25,4238,4202.25,176354,4/28/2022 13:30
4211,4191.5,4213.5,4191,137246,4/28/2022 14:00
4191.25,4199.5,4202.5,4182.5,102996,4/28/2022 14:30
4199.75,4214.25,4220,4197.25,89086,4/28/2022 15:00
4214.5,4212,4220,4201.25,81277,4/28/2022 15:30
4212,4239.25,4239.25,4206.75,69694,4/28/2022 16:00
4239.25,4263,4265,4237.75,106855,4/28/2022 16:30
4263,4275.75,4280.25,4259.25,98345,4/28/2022 17:00
4275.75,4278.75,4283.5,4270.25,83621,4/28/2022 17:30
4278.75,4282.25,4284,4274.25,54348,4/28/2022 18:00
4282.5,4293.5,4299.25,4278.5,79441,4/28/2022 18:30
4293.5,4294.75,4303.5,4290,78500,4/28/2022 19:00
4294.75,4285.25,4295.75,4270.75,202319,4/28/2022 19:30
4285.25,4263,4286.75,4253.75,97462,4/28/2022 20:00
4263.25,4260.25,4288.75,4257.5,25386,4/28/2022 20:30
4242.5,4263.75,4265.5,4232.25,178376,4/29/2022 13:30
4263.75,4218.25,4265.25,4216.5,148932,4/29/2022 14:00
4218.5,4214.25,4221,4206,121689,4/29/2022 14:30
4214,4216,4218.75,4202.75,94847,4/29/2022 15:00
4216,4211.5,4228,4210.75,80774,4/29/2022 15:30
4211.25,4194.75,4212.5,4192.75,79151,4/29/2022 16:00
4194.75,4183.25,4196.5,4178.5,77423,4/29/2022 16:30
4183.25,4193,4201.25,4181.5,69982,4/29/2022 17:00
4193,4183.25,4204.5,4182.25,56166,4/29/2022 17:30
4183,4173.75,4187.25,4171.75,72681,4/29/2022 18:00
4173.75,4163.25,4177.25,4155,100968,4/29/2022 18:30
4163.25,4147.25,4164,4145.5,124366,4/29/2022 19:00
4147.5,4127.75,4158.25,4118.75,420824,4/29/2022 19:30
4127.75,4135.5,4142.75,4126.5,106060,4/29/2022 20:00
4135.5,4137,4138,4134.25,9710,4/29/2022 20:30
4127,4128.75,4140.25,4098,254259,5/2/2022 13:30
4129,4150.5,4156,4109.75,207744,5/2/2022 14:00
4150.75,4130.5,4165.75,4128.75,146750,5/2/2022 14:30
4130.5,4111.75,4132.25,4106,128118,5/2/2022 15:00
4111.75,4123.25,4124.75,4104,119365,5/2/2022 15:30
4123.25,4121,4131.75,4103.75,92749,5/2/2022 16:00
4121,4095.75,4128.75,4092.25,91744,5/2/2022 16:30
4096,4092.75,4106.75,4086,96400,5/2/2022 17:00
4092.75,4082.25,4100,4075,96370,5/2/2022 17:30
4082,4068.75,4094,4063.25,105290,5/2/2022 18:00
4068.5,4070,4083,4056,113499,5/2/2022 18:30
4069.75,4125,4131.5,4069,178143,5/2/2022 19:00
4125,4151.5,4153.25,4121.25,273960,5/2/2022 19:30
4151.5,4145.5,4156.25,4142.75,62404,5/2/2022 20:00
4145.5,4146.25,4149.75,4144.75,6895,5/2/2022 20:30
4156.25,4160.25,4163.25,4139,196037,5/3/2022 13:30
4160.25,4163.25,4168.25,4143.75,143993,5/3/2022 14:00
4163.5,4158.5,4173,4145,109718,5/3/2022 14:30
4158.25,4185.75,4191.75,4153.25,137336,5/3/2022 15:00
4186,4185.25,4195.75,4178.75,77086,5/3/2022 15:30
4185.25,4172.5,4193.75,4165.75,84614,5/3/2022 16:00
4172.75,4176,4181,4166,59110,5/3/2022 16:30
4176,4183,4193.25,4175.25,64220,5/3/2022 17:00
4183,4181.75,4192.75,4179,46126,5/3/2022 17:30
4181.75,4155.75,4182.25,4154.75,81697,5/3/2022 18:00
4156,4179.25,4181,4147,116025,5/3/2022 18:30
4179.5,4172.75,4186.25,4165.75,87795,5/3/2022 19:00
4172.75,4170,4179.75,4153.75,164772,5/3/2022 19:30
4170.25,4171.5,4182.5,4168,41810,5/3/2022 20:00
4171.75,4174.25,4174.75,4168.75,3766,5/3/2022 20:30
4176.5,4166.5,4180.25,4166.25,117252,5/4/2022 13:30
4166.25,4159.25,4167.75,4150.5,105640,5/4/2022 14:00
4159.25,4156.25,4162.75,4148.25,73748,5/4/2022 14:30
4156.5,4149,4158.5,4146,51154,5/4/2022 15:00
4149.25,4158,4163.25,4142.75,58937,5/4/2022 15:30
4158,4175.75,4177.5,4155.25,56442,5/4/2022 16:00
4176,4186.25,4187.5,4174.5,56155,5/4/2022 16:30
4186.25,4179.25,4191,4175,63319,5/4/2022 17:00
4179.5,4186.5,4195.25,4175.25,46819,5/4/2022 17:30
4186.5,4194.5,4207.75,4162.75,199861,5/4/2022 18:00
4194.25,4243.25,4248.75,4146.75,281534,5/4/2022 18:30
4243.25,4276.5,4277.25,4237,155726,5/4/2022 19:00
4276.5,4296.25,4303,4276,238629,5/4/2022 19:30
4296.25,4287.25,4297.25,4287.25,62354,5/4/2022 20:00
4287.25,4286.25,4287.5,4285,9407,5/4/2022 20:30
4251,4221,4252,4216.25,183890,5/5/2022 13:30
4221.25,4186,4221.75,4182.75,206233,5/5/2022 14:00
4186,4172.75,4190,4157.25,191322,5/5/2022 14:30
4173,4152.25,4176.5,4141.25,171747,5/5/2022 15:00
4152,4128.5,4170.25,4127.75,148511,5/5/2022 15:30
4128.25,4145.5,4154.5,4114.75,156055,5/5/2022 16:00
4145.25,4150.5,4153,4125.5,107915,5/5/2022 16:30
4150.25,4154,4169,4143.5,105754,5/5/2022 17:00
4153.75,4139.75,4164.75,4133.25,81953,5/5/2022 17:30
4139.75,4124.75,4157,4124.25,101670,5/5/2022 18:00
4124.5,4133,4146.75,4121,96736,5/5/2022 18:30
4132.75,4105.25,4135.75,4102,138763,5/5/2022 19:00
4105.25,4144.5,4149,4099.25,318733,5/5/2022 19:30
4144.25,4147.75,4153.75,4140.5,74479,5/5/2022 20:00
4148,4151,4157,4145.5,10521,5/5/2022 20:30
4116.5,4068.75,4123.25,4062,261319,5/6/2022 13:30
4068.5,4099.25,4121.25,4062.25,236423,5/6/2022 14:00
4099.25,4132.25,4139.5,4081.25,181593,5/6/2022 14:30
4132,4142.25,4153.25,4115.5,130981,5/6/2022 15:00
4142.5,4103.5,4144.75,4100,114403,5/6/2022 15:30
4103.5,4123.25,4136,4100,112905,5/6/2022 16:00
4123,4142.75,4144.75,4113.25,88668,5/6/2022 16:30
4142.75,4125.5,4148.75,4114.5,87134,5/6/2022 17:00
4125.5,4106,4134.25,4102.75,78854,5/6/2022 17:30
4105.75,4092,4112.25,4087.75,89192,5/6/2022 18:00
4092,4093.75,4110.75,4082.5,98736,5/6/2022 18:30
4093.75,4090.75,4099,4078,115068,5/6/2022 19:00
4090.75,4119,4135,4090.25,226726,5/6/2022 19:30
4119,4108,4120.75,4103,54813,5/6/2022 20:00
4108,4110.75,4114.75,4106.75,7831,5/6/2022 20:30
4055.5,4056.75,4069,4037.25,220127,5/9/2022 13:30
4056.75,4029.25,4059,4027,162110,5/9/2022 14:00
4029,4014.25,4036,4011.25,142645,5/9/2022 14:30
4014,4005.75,4022,4002.75,118416,5/9/2022 15:00
4005.75,4023.5,4029.5,3997.5,122208,5/9/2022 15:30
4023.75,4036.5,4045,4011,112876,5/9/2022 16:00
4036.5,4012,4043.5,4011.5,70452,5/9/2022 16:30
4011.75,4020.25,4023,4005.5,69802,5/9/2022 17:00
4020.25,4010,4024.25,3998.25,77799,5/9/2022 17:30
4009.75,4005.5,4020.5,4000.75,67007,5/9/2022 18:00
4005.5,4017.75,4021,3995.5,94476,5/9/2022 18:30
4017.75,4001.75,4030.5,3997,117220,5/9/2022 19:00
4001.75,3987.5,4001.75,3970,241412,5/9/2022 19:30
3987.5,3991.75,4001,3985.5,66620,5/9/2022 20:00
3991.75,3989.5,3993.75,3987.5,7377,5/9/2022 20:30
4050,4046,4065.5,4023.25,217980,5/10/2022 13:30
4046.25,4029.5,4055,4023.5,160910,5/10/2022 14:00
4029.75,3994.25,4032.5,3988,168268,5/10/2022 14:30
3994.25,3978.5,4003.75,3963.75,168146,5/10/2022 15:00
3978.25,3979,3994.5,3962.25,135760,5/10/2022 15:30
3978.75,3968.75,3989.75,3964.75,107151,5/10/2022 16:00
3968.75,3964,3981.25,3953,95081,5/10/2022 16:30
3964,3989.5,3990,3960.75,86469,5/10/2022 17:00
3989.5,4035.25,4036,3989.5,126877,5/10/2022 17:30
4035.5,4011.5,4037.25,4003.5,121080,5/10/2022 18:00
4011.75,4017.75,4028,4004.25,103158,5/10/2022 18:30
4018,4002.25,4032.25,3997.75,96646,5/10/2022 19:00
4002.5,3995.5,4002.5,3985.25,184564,5/10/2022 19:30
3995.25,3996.25,3999.25,3986.75,43315,5/10/2022 20:00
3996.25,3991.5,3997,3988,5930,5/10/2022 20:30
3985,4027.25,4036.25,3966.25,263819,5/11/2022 13:30
4027,4031.25,4038.75,4000.25,152878,5/11/2022 14:00
4031,4019.25,4045,4012,124353,5/11/2022 14:30
4018.75,4023.5,4024.5,4000,96890,5/11/2022 15:00
4023.75,4017.75,4042.5,4012.25,91967,5/11/2022 15:30
4018,3992.5,4021.25,3991.25,80404,5/11/2022 16:00
3992.5,3973.75,4001.5,3972.25,93262,5/11/2022 16:30
3973.5,3960,3975,3958.5,93875,5/11/2022 17:00
3960,3939.25,3968,3936.25,105542,5/11/2022 17:30
3939,3964,3978,3938.75,109140,5/11/2022 18:00
3964,3957.25,3985.5,3955.25,102767,5/11/2022 18:30
3957,3951.25,3961.75,3943,109441,5/11/2022 19:00
3951,3932,3956.5,3923.75,193408,5/11/2022 19:30
3932,3941.5,3945,3927.5,59184,5/11/2022 20:00
3941.5,3943,3947,3940,9846,5/11/2022 20:30
3897.25,3889.75,3916.25,3872.75,240114,5/12/2022 13:30
3889.5,3923.25,3941,3877,202537,5/12/2022 14:00
3923.5,3943.75,3945.75,3910.5,144325,5/12/2022 14:30
3943.75,3933.5,3961.75,3929,126052,5/12/2022 15:00
3933.5,3890.5,3936.75,3890.25,118273,5/12/2022 15:30
3890.25,3908.25,3911.75,3885,112874,5/12/2022 16:00
3908.25,3908,3927.75,3901.5,102042,5/12/2022 16:30
3908,3896.75,3914.75,3890,79422,5/12/2022 17:00
3896.75,3874,3901.25,3866.75,95435,5/12/2022 17:30
3873.75,3873,3883,3863.25,83501,5/12/2022 18:00
3873.25,3860.75,3875,3855,93391,5/12/2022 18:30
3860.75,3885,3906.75,3857.25,156583,5/12/2022 19:00
3884.75,3927.75,3930,3884.25,261636,5/12/2022 19:30
3928,3924.75,3930,3920.25,61391,5/12/2022 20:00
3925,3910,3925,3905,14022,5/12/2022 20:30
3970.75,3990,3994.5,3959.5,203126,5/13/2022 13:30
3989.75,4013.75,4019,3988,157756,5/13/2022 14:00
4013.75,4013,4018.5,3997.25,106065,5/13/2022 14:30
4013,4019.75,4020.5,4006.5,87448,5/13/2022 15:00
4019.75,4019.75,4022,4011.75,71101,5/13/2022 15:30
4019.75,4026.5,4036,4018.25,80450,5/13/2022 16:00
4026.5,4022,4032,4011,73014,5/13/2022 16:30
4022,4012.75,4026,4010,65269,5/13/2022 17:00
4013,3997.25,4017.5,3995.25,78003,5/13/2022 17:30
3997.5,3985,3997.5,3975.75,112552,5/13/2022 18:00
3985,4009.5,4010,3984.5,109183,5/13/2022 18:30
4009.5,4027.5,4028.25,4007.25,85541,5/13/2022 19:00
4027.5,4020.5,4029.5,4002.5,223970,5/13/2022 19:30
4020.5,4019.5,4020.75,4010.25,52826,5/13/2022 20:00
4019.75,4014,4021,4012.75,7552,5/13/2022 20:30
4003.25,3991,4016.5,3979.5,200559,5/16/2022 13:30
3991,4020,4022,3980,124424,5/16/2022 14:00
4019.75,3989,4021.25,3987.5,110477,5/16/2022 14:30
3989.25,3995,4002.25,3983.5,88855,5/16/2022 15:00
3995.25,4018.25,4021,3986.75,105128,5/16/2022 15:30
4018.5,4007.5,4024.5,4002.75,65896,5/16/2022 16:00
4007.5,4002,4015,3998,66303,5/16/2022 16:30
4001.75,4026,4027,3997.25,71893,5/16/2022 17:00
4025.75,4024.25,4032,4020.25,60978,5/16/2022 17:30
4024,4039.5,4040,4018.75,74994,5/16/2022 18:00
4039.75,4034.25,4043.5,4027.25,78112,5/16/2022 18:30
4034.25,4014,4038,4010,94173,5/16/2022 19:00
4014,4006.5,4016.75,3997,178064,5/16/2022 19:30
4006.5,4001,4007.5,4000,41275,5/16/2022 20:00
4001,4000.25,4002,3999.5,8269,5/16/2022 20:30
4069.5,4056,4070,4047.75,164455,5/17/2022 13:30
4055.75,4046.25,4065.5,4045,104748,5/17/2022 14:00
4046.25,4041.75,4051,4029.75,109999,5/17/2022 14:30
4041.75,4055.75,4058,4040.25,71718,5/17/2022 15:00
4056,4058.5,4064.5,4054,73828,5/17/2022 15:30
4058.5,4062.75,4066,4050,59355,5/17/2022 16:00
4062.75,4066.5,4073.25,4060.25,60134,5/17/2022 16:30
4066.5,4068.5,4075.5,4058.5,57746,5/17/2022 17:00
4068.75,4067,4073.25,4065.5,43376,5/17/2022 17:30
4067,4051,4079.25,4039,156159,5/17/2022 18:00
4051,4074.5,4081.5,4041.25,126399,5/17/2022 18:30
4074.5,4084.75,4089.75,4073.5,114617,5/17/2022 19:00
4084.75,4086.25,4087.75,4070.75,172898,5/17/2022 19:30
4086.25,4090.5,4091.5,4082.25,55566,5/17/2022 20:00
4090.5,4090.5,4091,4089.5,7982,5/17/2022 20:30
4038.25,4015,4041.5,4012,182558,5/18/2022 13:30
4014.75,4007.75,4024.25,4007.5,133718,5/18/2022 14:00
4007.75,4010.5,4014.75,4002.75,109372,5/18/2022 14:30
4010.75,3973.5,4011,3971,128232,5/18/2022 15:00
3973.25,3968,3985.25,3965.75,124368,5/18/2022 15:30
3968,3959.5,3971.25,3955.25,116886,5/18/2022 16:00
3959.5,3973.75,3974.75,3956.25,90054,5/18/2022 16:30
3973.5,3946.75,3973.75,3942.25,106576,5/18/2022 17:00
3946.5,3933.25,3952.25,3927.5,102795,5/18/2022 17:30
3933,3940.25,3941.5,3926.25,101118,5/18/2022 18:00
3940,3920.25,3942,3917.25,119652,5/18/2022 18:30
3920,3911.5,3930,3910,124318,5/18/2022 19:00
3911.5,3923.75,3930.5,3908,316645,5/18/2022 19:30
3923.5,3908,3927.5,3905.5,96967,5/18/2022 20:00
3908,3914,3916,3907,11294,5/18/2022 20:30
